-- phpMyAdmin SQL Dump
-- version 4.9.7
-- https://www.phpmyadmin.net/
--
-- Host: db763817850.hosting-data.io
-- Generation Time: Jan 15, 2021 at 02:20 PM
-- Server version: 5.5.62-log
-- PHP Version: 7.0.33-0+deb9u10

SET SQL_MODE = "NO_AUTO_VALUE_ON_ZERO";
SET AUTOCOMMIT = 0;
START TRANSACTION;
SET time_zone = "+00:00";


/*!40101 SET @OLD_CHARACTER_SET_CLIENT=@@CHARACTER_SET_CLIENT */;
/*!40101 SET @OLD_CHARACTER_SET_RESULTS=@@CHARACTER_SET_RESULTS */;
/*!40101 SET @OLD_COLLATION_CONNECTION=@@COLLATION_CONNECTION */;
/*!40101 SET NAMES utf8mb4 */;

--
-- Database: `db763817850`
--

-- --------------------------------------------------------

--
-- Table structure for table `admins`
--

CREATE TABLE `admins` (
  `id` int(11) UNSIGNED NOT NULL,
  `username` varchar(100) DEFAULT NULL,
  `gender` varchar(50) DEFAULT NULL,
  `email` varchar(100) DEFAULT NULL,
  `password` varchar(150) DEFAULT NULL,
  `type` varchar(100) DEFAULT NULL,
  `phone` varchar(200) DEFAULT NULL,
  `about` text,
  `is_active` int(1) DEFAULT NULL,
  `is_admin` int(1) DEFAULT NULL,
  `is_login` int(11) DEFAULT NULL,
  `email_contact` varchar(100) DEFAULT NULL,
  `company_name` varchar(100) DEFAULT NULL,
  `telephone` varchar(100) DEFAULT NULL,
  `fax` varchar(100) DEFAULT NULL,
  `address1` varchar(100) DEFAULT NULL,
  `address2` varchar(100) DEFAULT NULL,
  `address3` varchar(100) DEFAULT NULL,
  `postcode` varchar(50) DEFAULT NULL,
  `country` varchar(100) DEFAULT NULL,
  `city` varchar(50) DEFAULT NULL,
  `website` varchar(100) DEFAULT NULL,
  `sticker` varchar(100) DEFAULT NULL,
  `job_type` varchar(100) DEFAULT NULL,
  `pricing_system` varchar(100) DEFAULT NULL,
  `fsb_let_bd` varchar(100) DEFAULT NULL,
  `note` text,
  `added_by` int(11) DEFAULT NULL,
  `added_time` datetime DEFAULT NULL,
  `added_ip` varchar(100) DEFAULT NULL,
  `server_info` varchar(255) DEFAULT NULL
) ENGINE=InnoDB DEFAULT CHARSET=utf8;

--
-- Dumping data for table `admins`
--

INSERT INTO `admins` (`id`, `username`, `gender`, `email`, `password`, `type`, `phone`, `about`, `is_active`, `is_admin`, `is_login`, `email_contact`, `company_name`, `telephone`, `fax`, `address1`, `address2`, `address3`, `postcode`, `country`, `city`, `website`, `sticker`, `job_type`, `pricing_system`, `fsb_let_bd`, `note`, `added_by`, `added_time`, `added_ip`, `server_info`) VALUES
(1, 'wendy', NULL, 'wendy@gmail.com', '$2y$10$BKPaPk6mzfx377WPb6XP7.kjd/RgT93DI.gFzsaw3Uim7ImMtM3D2', 'admin', '1234567890', 'hi', 1, 1, 1, NULL, NULL, NULL, NULL, NULL, NULL, NULL, NULL, NULL, NULL, NULL, NULL, NULL, 'A', NULL, NULL, 1, '2018-12-19 07:59:52', '::1', '{\"REDIRECT_MIBDIRS\":\"C:\\/xampp\\/php\\/extras\\/mibs\",\"REDIRECT_MYSQL_HOME\":\"\\\\xampp\\\\mysql\\\\bin\",\"REDIRECT_OPENSSL_CONF\":\"C:\\/xampp\\/apache\\/bin\\/openssl.cnf\",\"REDIRECT_PHP_PEAR_SYSCONF_DIR\":\"\\\\xampp\\\\php\",\"REDIRECT_PHPRC\":\"\\\\xampp\\\\php\",\"REDIRECT_TMP\":\"\\\\x'),
(2, '1LET', NULL, 'mail@1let.com', '$2y$10$BHk3w6qh5.dBoerzSYYnoe8oFw7lLnhJIx3ZiEuQeg5f.FYwev8gm', 'client', '0131 476 5500, 07912 068677 ', NULL, 1, 0, NULL, 'jane@1let.com', NULL, NULL, '0131 476 8800', '20a MANOR PLACE', 'EDINBURGH', '', 'EH3 7DS', 'United Kingdom', 'London', NULL, 'LET BY STICKERS RED LETTERS WHITE BACKGROUND   \"OWN STICKERS\" THEY BUY WE KEEP HERE', NULL, 'A', 'TO LET BD', '', 1, '2018-12-19 07:59:52', '::1', '{\"REDIRECT_MIBDIRS\":\"C:\\/xampp\\/php\\/extras\\/mibs\",\"REDIRECT_MYSQL_HOME\":\"\\\\xampp\\\\mysql\\\\bin\",\"REDIRECT_OPENSSL_CONF\":\"C:\\/xampp\\/apache\\/bin\\/openssl.cnf\",\"REDIRECT_PHP_PEAR_SYSCONF_DIR\":\"\\\\xampp\\\\php\",\"REDIRECT_PHPRC\":\"\\\\xampp\\\\php\",\"REDIRECT_TMP\":\"\\\\x'),
(3, 'A GRAY MUIR', NULL, 'catriona@sundialproperties.co.uk', '$2y$10$aUUz2WFyXYu8ZjH5yqbNQOhllkGSbP2My6WEph3hZ4XvXu61NYJ36', 'client', '0131 220 0015', NULL, 1, 0, NULL, 'linda@sundialproperties.co.uk', NULL, '123', '', '46 CHARLOTTE SQUARE', 'EDINBURGH', '', 'EH02 4NA', 'United Kingdom', 'London', '', '', NULL, 'A', 'FSB', '', 1, '2020-02-05 16:05:19', '94.173.241.70', '{\"REDIRECT_MIBDIRS\":\"C:\\/xampp\\/php\\/extras\\/mibs\",\"REDIRECT_MYSQL_HOME\":\"\\\\xampp\\\\mysql\\\\bin\",\"REDIRECT_OPENSSL_CONF\":\"C:\\/xampp\\/apache\\/bin\\/openssl.cnf\",\"REDIRECT_PHP_PEAR_SYSCONF_DIR\":\"\\\\xampp\\\\php\",\"REDIRECT_PHPRC\":\"\\\\xampp\\\\php\",\"REDIRECT_TMP\":\"\\\\x'),
(4, 'ABBEY FORTH', NULL, 'stuart@abbeyforth.co.uk', '$2y$10$ZIaTiupKy9ccoYE0FTscLu/DZUqhTtPQo6BN32dpOcTsrySOKNDl2', 'client', '01383 737748, 07500 936906', NULL, 1, 0, NULL, 'stuart@abbeyforth.co.uk', NULL, NULL, '', 'BALCAIRN\n VIEWFIELD TERRACE', 'DUNFERMLINE', '', 'KY12 7HY', 'United Kingdom', 'London', NULL, 'THEIR OWN OVERPLATES PALE BLUE OVERPLATES THAT READ \"FOR SALE\" ON ONE SIDE & \"SOLD\" ON THE OTHER AND', NULL, 'A', 'TO LET BD', 'GREY POLES FOR WHICH WE CHARGE AN    ADDITIONAL £1.00 PER POLE', 1, '2018-12-19 07:59:52', '::1', '{\"REDIRECT_MIBDIRS\":\"C:\\/xampp\\/php\\/extras\\/mibs\",\"REDIRECT_MYSQL_HOME\":\"\\\\xampp\\\\mysql\\\\bin\",\"REDIRECT_OPENSSL_CONF\":\"C:\\/xampp\\/apache\\/bin\\/openssl.cnf\",\"REDIRECT_PHP_PEAR_SYSCONF_DIR\":\"\\\\xampp\\\\php\",\"REDIRECT_PHPRC\":\"\\\\xampp\\\\php\",\"REDIRECT_TMP\":\"\\\\x'),
(5, 'AIKMAN BELL', NULL, 'admin@aikmanbell.co.uk', '$2y$10$J3WKNr09f0uSuWeveg90cuTQhoPzympOLen.rXnh3D511/h4meSfe', 'client', '0131 661 0015, 07771 757911 (BEST NUMBER)', NULL, 1, 0, NULL, '', NULL, NULL, '', '19 CADZOW PLACE', 'EDINBURGH', '', 'EH7 5SN', 'United Kingdom', 'London', NULL, 'SOLD SUB STICKERS RED LETTERS (STOCK STICKERS)', NULL, 'A', 'FSB', '', 1, '2018-12-19 07:59:52', '::1', '{\"REDIRECT_MIBDIRS\":\"C:\\/xampp\\/php\\/extras\\/mibs\",\"REDIRECT_MYSQL_HOME\":\"\\\\xampp\\\\mysql\\\\bin\",\"REDIRECT_OPENSSL_CONF\":\"C:\\/xampp\\/apache\\/bin\\/openssl.cnf\",\"REDIRECT_PHP_PEAR_SYSCONF_DIR\":\"\\\\xampp\\\\php\",\"REDIRECT_PHPRC\":\"\\\\xampp\\\\php\",\"REDIRECT_TMP\":\"\\\\x'),
(6, 'AIRD & CO', NULL, 'lja@airdsandco.co.uk', '$2y$10$0GQv5sj/dXfZXvzoCkSCI.j4QVEowoSkTbl2IUiXwT70U8GIQLWSK', 'client', '0131 332 8411', NULL, 1, 0, NULL, 'lja@airdsandco.co.uk', NULL, NULL, '', 'FEDERATION HOUSE', '222-224 QUEENSFERRY ROAD', 'EDINBURGH', 'EH4 2BN', 'United Kingdom', 'London', NULL, '', NULL, 'A', 'FSB', '', 1, '2018-12-19 07:59:52', '::1', '{\"REDIRECT_MIBDIRS\":\"C:\\/xampp\\/php\\/extras\\/mibs\",\"REDIRECT_MYSQL_HOME\":\"\\\\xampp\\\\mysql\\\\bin\",\"REDIRECT_OPENSSL_CONF\":\"C:\\/xampp\\/apache\\/bin\\/openssl.cnf\",\"REDIRECT_PHP_PEAR_SYSCONF_DIR\":\"\\\\xampp\\\\php\",\"REDIRECT_PHPRC\":\"\\\\xampp\\\\php\",\"REDIRECT_TMP\":\"\\\\x'),
(7, 'ALBA RESIDENTIAL', NULL, 'kathleen@albastandrews.co.uk', '$2y$10$2ovYwJHfIaLjR7zMGGF4IOaEuCPq3YE1kf3MOdAnFnmpX56I0mmB2', 'client', '01334 470028', NULL, 1, 0, NULL, '', NULL, NULL, '01334 208171', '125b MARKET STREET', 'ST ANDREWS', 'FIFE', 'KY16 9PE', 'United Kingdom', 'London', NULL, 'SORRY ITS GONE OVERPLATES  THEY OWN AND WE OCCASIONALLY APPLY', NULL, 'A', 'TO LET BD', '', 1, '2018-12-19 07:59:52', '::1', '{\"REDIRECT_MIBDIRS\":\"C:\\/xampp\\/php\\/extras\\/mibs\",\"REDIRECT_MYSQL_HOME\":\"\\\\xampp\\\\mysql\\\\bin\",\"REDIRECT_OPENSSL_CONF\":\"C:\\/xampp\\/apache\\/bin\\/openssl.cnf\",\"REDIRECT_PHP_PEAR_SYSCONF_DIR\":\"\\\\xampp\\\\php\",\"REDIRECT_PHPRC\":\"\\\\xampp\\\\php\",\"REDIRECT_TMP\":\"\\\\x'),
(8, 'ALBANY LETTING', NULL, 'neil@albanylettings.com', '$2y$10$ciKRpApYyccv3O0pfhV/puwymLFr/URMJ/sl.o833K03FawvVo7I2', 'client', '0131 229 3999', NULL, 1, 0, NULL, 'neil@albanylettings.com', NULL, NULL, '', '168 BRUNTSFIELD PLACE', 'EDINBURGH', '', 'EH10 4ER', 'United Kingdom', 'London', NULL, '', NULL, 'A', 'TO LET BD', '', 1, '2018-12-19 07:59:52', '::1', '{\"REDIRECT_MIBDIRS\":\"C:\\/xampp\\/php\\/extras\\/mibs\",\"REDIRECT_MYSQL_HOME\":\"\\\\xampp\\\\mysql\\\\bin\",\"REDIRECT_OPENSSL_CONF\":\"C:\\/xampp\\/apache\\/bin\\/openssl.cnf\",\"REDIRECT_PHP_PEAR_SYSCONF_DIR\":\"\\\\xampp\\\\php\",\"REDIRECT_PHPRC\":\"\\\\xampp\\\\php\",\"REDIRECT_TMP\":\"\\\\x'),
(9, 'ALLAN MCDOUGALL EDINBURGH', NULL, 'CarolFalconer@allanmcdougall.co.uk', '$2y$10$FzDyYQ8a47mKwaTCB.xuz.VHSMcx7V9oNYPejvd5tvyTgCOisQMQi', 'client', '', NULL, 1, 0, NULL, 'CarolFalconer@allanmcdougall.co.uk', NULL, NULL, '', '22 ABBEY LANE\n MEADOWBANK\n EDINBURGH', '', '', 'EH8 8JH', 'United Kingdom', 'London', NULL, 'SEE ENTRY FOR PENICUIK OFFICE', NULL, 'A', 'FSB', 'CATHY PLEASE NOTE BOTH EDINBURGH AND PENICUIK INVOCIES GO TO CAROL FALCONER IN PENICUIK OFFICE', 1, '2018-12-19 07:59:52', '::1', '{\"REDIRECT_MIBDIRS\":\"C:\\/xampp\\/php\\/extras\\/mibs\",\"REDIRECT_MYSQL_HOME\":\"\\\\xampp\\\\mysql\\\\bin\",\"REDIRECT_OPENSSL_CONF\":\"C:\\/xampp\\/apache\\/bin\\/openssl.cnf\",\"REDIRECT_PHP_PEAR_SYSCONF_DIR\":\"\\\\xampp\\\\php\",\"REDIRECT_PHPRC\":\"\\\\xampp\\\\php\",\"REDIRECT_TMP\":\"\\\\x'),
(10, 'ALLAN MCDOUGALL PENICUIK', NULL, 'CarolFalconer@allanmcdougall.co.uk', '$2y$10$bN9DV63GA/DNl/saHJUgv.av6tCta9wefQDg.NtwZHCscMp5z0tQa', 'client', '0131 240 3818   (0131 666 2424 MAYFIELD RD OFFICE)', NULL, 1, 0, NULL, '', NULL, NULL, '01968 676546', '20 HIGH STREET\n PENICUIK', '', '', 'EH26 8AW', 'United Kingdom', 'London', NULL, 'SOLD SUBJECT STKRS WHITE LETTERS ON RED BACKGROUND THEY BUY BUNDLES FROM US BUT WE ALSO GET INSTRUCT', NULL, 'A', 'FSB', 'CATHY PLEASE NOTE BOTH PENICUIK AND EDINBURGH INVOICES GO TO CAROL FALCONER, JULIA MEADOWBANK OFFICE 0131 661 2345', 1, '2018-12-19 07:59:52', '::1', '{\"REDIRECT_MIBDIRS\":\"C:\\/xampp\\/php\\/extras\\/mibs\",\"REDIRECT_MYSQL_HOME\":\"\\\\xampp\\\\mysql\\\\bin\",\"REDIRECT_OPENSSL_CONF\":\"C:\\/xampp\\/apache\\/bin\\/openssl.cnf\",\"REDIRECT_PHP_PEAR_SYSCONF_DIR\":\"\\\\xampp\\\\php\",\"REDIRECT_PHPRC\":\"\\\\xampp\\\\php\",\"REDIRECT_TMP\":\"\\\\x'),
(11, 'AM LETTINGS', NULL, 'enquiries@amlettings.co.uk', '$2y$10$j0Qp30Epze5czvrMKqqgOOdN8tjc/yhteoeEhpfYwYodre2B/0jb2', 'client', '0131 663 3666   0131 240 3805  07740 857116 JACKIE', NULL, 1, 0, NULL, 'jackie.barr@hotmail.co.uk', NULL, NULL, '0131 663 5483', '11 SOUTH STREET', 'DALKEITH', '', 'EH22 1AH', 'United Kingdom', 'London', NULL, '', NULL, 'A', 'TO LET BD', 'THEY ALSO HAVE AN OFFICE AT 48 HIGH STREET TRANENT EH33 1HQ\n \n 01875 619713', 1, '2018-12-19 07:59:52', '::1', '{\"REDIRECT_MIBDIRS\":\"C:\\/xampp\\/php\\/extras\\/mibs\",\"REDIRECT_MYSQL_HOME\":\"\\\\xampp\\\\mysql\\\\bin\",\"REDIRECT_OPENSSL_CONF\":\"C:\\/xampp\\/apache\\/bin\\/openssl.cnf\",\"REDIRECT_PHP_PEAR_SYSCONF_DIR\":\"\\\\xampp\\\\php\",\"REDIRECT_PHPRC\":\"\\\\xampp\\\\php\",\"REDIRECT_TMP\":\"\\\\x'),
(12, 'AM FAGAN ESTATES AGENTS LTD', NULL, '', '$2y$10$Da.gY2r8TSjEFBrVoJjcLuR1FVWszqH4LsO.m2Eq6YJ9FdThHiP6W', 'client', '0126 805 5007', NULL, 1, 0, NULL, '', NULL, NULL, '', 'UNIT 26 COATBRIBGE BUSINESS CENTRE', 'COATBRIDGA', '', 'ML5 3RB', 'United Kingdom', 'London', NULL, '', NULL, 'A', 'FSB', '', 1, '2018-12-19 07:59:52', '::1', '{\"REDIRECT_MIBDIRS\":\"C:\\/xampp\\/php\\/extras\\/mibs\",\"REDIRECT_MYSQL_HOME\":\"\\\\xampp\\\\mysql\\\\bin\",\"REDIRECT_OPENSSL_CONF\":\"C:\\/xampp\\/apache\\/bin\\/openssl.cnf\",\"REDIRECT_PHP_PEAR_SYSCONF_DIR\":\"\\\\xampp\\\\php\",\"REDIRECT_PHPRC\":\"\\\\xampp\\\\php\",\"REDIRECT_TMP\":\"\\\\x'),
(13, 'ANDERSON & STRATHERN GLASGOW', NULL, 'property@andersonstrathearn.co.uk', '$2y$10$UZtMkT8oMEru4W2KdUAyvu4JjklXHIylHI1MD9uEKAEaB85zpCc/K', 'client', '0141 242 7997', NULL, 1, 0, NULL, 'cashroom@andersonstrathern.co.uk', NULL, NULL, '0141 221 4733', '50 GEORGE SQUARE', 'GLASGOW', '', 'G2  1EH', 'United Kingdom', 'London', NULL, 'OWN OVERPLATES  SOLD RED LETTERS ON WHITE', NULL, 'A', 'FSB', '', 1, '2018-12-19 07:59:52', '::1', '{\"REDIRECT_MIBDIRS\":\"C:\\/xampp\\/php\\/extras\\/mibs\",\"REDIRECT_MYSQL_HOME\":\"\\\\xampp\\\\mysql\\\\bin\",\"REDIRECT_OPENSSL_CONF\":\"C:\\/xampp\\/apache\\/bin\\/openssl.cnf\",\"REDIRECT_PHP_PEAR_SYSCONF_DIR\":\"\\\\xampp\\\\php\",\"REDIRECT_PHPRC\":\"\\\\xampp\\\\php\",\"REDIRECT_TMP\":\"\\\\x'),
(14, 'ANDERSON & STRATHERN EDIN', NULL, 'property@andersonstrathearn.co.uk', '$2y$10$Vw.DGoWbnVTVXrqVhcVO2OdvbZY.i8tEdC7jFdk86C7TPQSa0ykLa', 'client', '0131 270 7700', NULL, 1, 0, NULL, 'emma.mccall@andersonstrathern.co.uk', NULL, NULL, '0131 270 7788', '1 RUTLAND COURT', 'EDINBURGH', '', 'EH3 8EY', 'United Kingdom', 'London', NULL, 'OWN OVERPLATES SOLD   RED LETTERS ON WHITE', NULL, 'A', 'FSB', '', 1, '2018-12-19 07:59:52', '::1', '{\"REDIRECT_MIBDIRS\":\"C:\\/xampp\\/php\\/extras\\/mibs\",\"REDIRECT_MYSQL_HOME\":\"\\\\xampp\\\\mysql\\\\bin\",\"REDIRECT_OPENSSL_CONF\":\"C:\\/xampp\\/apache\\/bin\\/openssl.cnf\",\"REDIRECT_PHP_PEAR_SYSCONF_DIR\":\"\\\\xampp\\\\php\",\"REDIRECT_PHPRC\":\"\\\\xampp\\\\php\",\"REDIRECT_TMP\":\"\\\\x'),
(15, 'ANDERSON & STRATHERN HADD', NULL, 'property@andersonstrathearn.co.uk', '$2y$10$KT2ytaKOuoyAOwVft0mKbueqbQslgG0TQnsGo0mRHYNtY3f/C4Hre', 'client', '01620 824016', NULL, 1, 0, NULL, 'cashroom@andersonstrathern.co.uk', NULL, NULL, '01620 825839', '14 COURT STREET', 'HADDINGTON', 'EAST LOTHIAN', 'EH41 3JA', 'United Kingdom', 'London', NULL, 'OWN OVERPLATES SOLD RED LETTERS ON WHITE', NULL, 'A', 'FSB', '', 1, '2018-12-19 07:59:52', '::1', '{\"REDIRECT_MIBDIRS\":\"C:\\/xampp\\/php\\/extras\\/mibs\",\"REDIRECT_MYSQL_HOME\":\"\\\\xampp\\\\mysql\\\\bin\",\"REDIRECT_OPENSSL_CONF\":\"C:\\/xampp\\/apache\\/bin\\/openssl.cnf\",\"REDIRECT_PHP_PEAR_SYSCONF_DIR\":\"\\\\xampp\\\\php\",\"REDIRECT_PHPRC\":\"\\\\xampp\\\\php\",\"REDIRECT_TMP\":\"\\\\x'),
(16, 'ARGENTO ESTATE AGENTS LTD', NULL, 'info@argentoproperty.com', '$2y$10$KMvNTnXISpK1md2JjJC54Ou7q8wpfXshrDdQJNXtfEhfCD/mr5NQ2', 'client', '0131 242 0009', NULL, 1, 0, NULL, 'info@argentoproperty.com', NULL, NULL, '', '1 ST COLME STREET', 'EDINBURGH', '', 'EH3 6AA', 'United Kingdom', 'London', NULL, 'SOLD RED LETTERS WHITE BACKGROUND (NOT SOLD SUB) WE USE STOCK STICKERS', NULL, 'A', '', 'BLACK POLES £1.00 ADDED TO PRICE', 1, '2018-12-19 07:59:52', '::1', '{\"REDIRECT_MIBDIRS\":\"C:\\/xampp\\/php\\/extras\\/mibs\",\"REDIRECT_MYSQL_HOME\":\"\\\\xampp\\\\mysql\\\\bin\",\"REDIRECT_OPENSSL_CONF\":\"C:\\/xampp\\/apache\\/bin\\/openssl.cnf\",\"REDIRECT_PHP_PEAR_SYSCONF_DIR\":\"\\\\xampp\\\\php\",\"REDIRECT_PHPRC\":\"\\\\xampp\\\\php\",\"REDIRECT_TMP\":\"\\\\x'),
(17, 'BLAIR CADELL', NULL, 'robin.davie@blaircadell.com', '$2y$10$e4CXLKub7VuorQlWwORuuOKvrbOPh/V.XW20Q6zNJS5HpmWc/IYJW', 'client', '0131 337 1800', NULL, 1, 0, NULL, 'frances.roberts@blaircadell.com', NULL, NULL, '0131 337 1118', '1 HARRISON GARDENS', 'EDINBURGH', '', 'EH11 1SJ', 'United Kingdom', 'London', NULL, 'WHITE LETTERS ON RED SOLD SUBJECT STICKERS (CIRCULAR IN SHAPE) WHICH THEY BUY/OWN', NULL, 'A', 'FSB', '', 1, '2018-12-19 07:59:52', '::1', '{\"REDIRECT_MIBDIRS\":\"C:\\/xampp\\/php\\/extras\\/mibs\",\"REDIRECT_MYSQL_HOME\":\"\\\\xampp\\\\mysql\\\\bin\",\"REDIRECT_OPENSSL_CONF\":\"C:\\/xampp\\/apache\\/bin\\/openssl.cnf\",\"REDIRECT_PHP_PEAR_SYSCONF_DIR\":\"\\\\xampp\\\\php\",\"REDIRECT_PHPRC\":\"\\\\xampp\\\\php\",\"REDIRECT_TMP\":\"\\\\x'),
(18, 'BALFOUR MANSON', NULL, 'propertysales@balfour-manson.co.uk', '$2y$10$7aezqrOg5vy3Q944Vtwrr.t7bAkT2.hBpf/Llzth5CcOutqsp2x/C', 'client', '0131 200 1234 (DIRECT TO GIRLS)', NULL, 1, 0, NULL, 'propertysales@balfour-manson.co.uk', NULL, NULL, '0131 200 1344', '58 FREDERICK STREET', 'EDINBURGH', '', 'EH2 1LN', 'United Kingdom', 'London', NULL, 'SOLD SUBJECT OVERPLATES  WHITE LETTERS ON RED', NULL, 'A', 'FSB', '', 1, '2018-12-19 07:59:52', '::1', '{\"REDIRECT_MIBDIRS\":\"C:\\/xampp\\/php\\/extras\\/mibs\",\"REDIRECT_MYSQL_HOME\":\"\\\\xampp\\\\mysql\\\\bin\",\"REDIRECT_OPENSSL_CONF\":\"C:\\/xampp\\/apache\\/bin\\/openssl.cnf\",\"REDIRECT_PHP_PEAR_SYSCONF_DIR\":\"\\\\xampp\\\\php\",\"REDIRECT_PHPRC\":\"\\\\xampp\\\\php\",\"REDIRECT_TMP\":\"\\\\x'),
(19, 'BALLANTYNES', NULL, '', '$2y$10$cilLfw/vD8zcj89Kv1N/Xea4cqV4WUSCMDXgbHG67EefHyd1prM0S', 'client', '0131 459 2222', NULL, 1, 0, NULL, '', NULL, NULL, '     ', '30 STAFFORD STREET', 'EDINBURGH', '', 'EH37BD', 'United Kingdom', 'London', NULL, '', NULL, 'A', 'TO LET BD', '', 1, '2018-12-19 07:59:52', '::1', '{\"REDIRECT_MIBDIRS\":\"C:\\/xampp\\/php\\/extras\\/mibs\",\"REDIRECT_MYSQL_HOME\":\"\\\\xampp\\\\mysql\\\\bin\",\"REDIRECT_OPENSSL_CONF\":\"C:\\/xampp\\/apache\\/bin\\/openssl.cnf\",\"REDIRECT_PHP_PEAR_SYSCONF_DIR\":\"\\\\xampp\\\\php\",\"REDIRECT_PHPRC\":\"\\\\xampp\\\\php\",\"REDIRECT_TMP\":\"\\\\x'),
(20, 'BARRHEAD PROPERTY CENTRE', NULL, 'barheadproperty@btconnect.com', '$2y$10$3UkNrHfXjJM2543bsoxaI.Y6az.Igf48D8Kf.1mBIR10jVwgz4kGW', 'client', '0141 880 7770', NULL, 1, 0, NULL, 'barheadproperty@btconnect.com', NULL, NULL, '0141 880 8585', '74 CROSS ARTHERLIE STREET BARRHEAD', 'BARRHEAD', '', 'G78 1RP', 'United Kingdom', 'London', NULL, 'sold subject stickers. Red background white letters. Sold similar properties required red background', NULL, 'A', 'FSB', '', 1, '2018-12-19 07:59:52', '::1', '{\"REDIRECT_MIBDIRS\":\"C:\\/xampp\\/php\\/extras\\/mibs\",\"REDIRECT_MYSQL_HOME\":\"\\\\xampp\\\\mysql\\\\bin\",\"REDIRECT_OPENSSL_CONF\":\"C:\\/xampp\\/apache\\/bin\\/openssl.cnf\",\"REDIRECT_PHP_PEAR_SYSCONF_DIR\":\"\\\\xampp\\\\php\",\"REDIRECT_PHPRC\":\"\\\\xampp\\\\php\",\"REDIRECT_TMP\":\"\\\\x'),
(21, 'BARRHEAD LETTING', NULL, '', '$2y$10$HOYnTiqSjpn7xaTvtSj2OuqEUBfykU46XbhUW4OdUda9k1WsVQmHa', 'client', '', NULL, 1, 0, NULL, '', NULL, NULL, '', '74 CROSS ARTHERLIE STREET', 'BARRHEAD', '', 'G78 1RP', 'United Kingdom', 'London', NULL, '', NULL, 'A', 'TO LET BD', '', 1, '2018-12-19 07:59:52', '::1', '{\"REDIRECT_MIBDIRS\":\"C:\\/xampp\\/php\\/extras\\/mibs\",\"REDIRECT_MYSQL_HOME\":\"\\\\xampp\\\\mysql\\\\bin\",\"REDIRECT_OPENSSL_CONF\":\"C:\\/xampp\\/apache\\/bin\\/openssl.cnf\",\"REDIRECT_PHP_PEAR_SYSCONF_DIR\":\"\\\\xampp\\\\php\",\"REDIRECT_PHPRC\":\"\\\\xampp\\\\php\",\"REDIRECT_TMP\":\"\\\\x'),
(22, 'BDWISE', NULL, '', '$2y$10$ea2mVPFqjVj0F1AOfdY.pOtxC.Cc/0yQdNkAqALLmTj26KtqCFzWu', 'client', '01506 882 2686                                         ', NULL, 1, 0, NULL, '', NULL, NULL, '', '17 KENNEDE PARK ', 'MID CALDER', '', 'EH53 0RG', 'United Kingdom', 'London', NULL, '', NULL, 'A', 'FSB', '', 1, '2018-12-19 07:59:52', '::1', '{\"REDIRECT_MIBDIRS\":\"C:\\/xampp\\/php\\/extras\\/mibs\",\"REDIRECT_MYSQL_HOME\":\"\\\\xampp\\\\mysql\\\\bin\",\"REDIRECT_OPENSSL_CONF\":\"C:\\/xampp\\/apache\\/bin\\/openssl.cnf\",\"REDIRECT_PHP_PEAR_SYSCONF_DIR\":\"\\\\xampp\\\\php\",\"REDIRECT_PHPRC\":\"\\\\xampp\\\\php\",\"REDIRECT_TMP\":\"\\\\x'),
(23, 'BELLEVUE LETTINGS', NULL, 'Kristina@bellevuelettings.co.uk', '$2y$10$pBR0mcLsH9Fuco9jIVxSneJQZPCxLdKNCyCvJfHcMIB0P7BpGdcC6', 'client', '0130 516 3210         07508 996642', NULL, 1, 0, NULL, '', NULL, NULL, '', 'THE MELTING POT  5 ROSE STREET', 'EDINBURGH', '', 'EH22PR', 'United Kingdom', 'London', NULL, '', NULL, 'A', 'TO LET BD', '', 1, '2018-12-19 07:59:52', '::1', '{\"REDIRECT_MIBDIRS\":\"C:\\/xampp\\/php\\/extras\\/mibs\",\"REDIRECT_MYSQL_HOME\":\"\\\\xampp\\\\mysql\\\\bin\",\"REDIRECT_OPENSSL_CONF\":\"C:\\/xampp\\/apache\\/bin\\/openssl.cnf\",\"REDIRECT_PHP_PEAR_SYSCONF_DIR\":\"\\\\xampp\\\\php\",\"REDIRECT_PHPRC\":\"\\\\xampp\\\\php\",\"REDIRECT_TMP\":\"\\\\x'),
(24, 'BELVOIR', NULL, 'evelyn.flockhart@belvoir.co.uk', '$2y$10$eG0DPpo2s/zSLGnfD3BaNO4O1W9XYUstjogAbDj9AOxjsZgZzTOcK', 'client', '0131 226 2545', NULL, 1, 0, NULL, '', NULL, NULL, '', '28 DUNDAS STREET', 'EDINBURGH', ' ', 'EH3 6JN', 'United Kingdom', 'London', NULL, 'USING OUR STOCK LET BY STICKERS FOR THE MOMENT UNTIL THEY COME BACK TO US TO POSSIBLY BUY SOME   AS ', NULL, 'A', 'TO LET BD', 'HAVE TAKEN OVER RYDEN LETTINGS', 1, '2018-12-19 07:59:52', '::1', '{\"REDIRECT_MIBDIRS\":\"C:\\/xampp\\/php\\/extras\\/mibs\",\"REDIRECT_MYSQL_HOME\":\"\\\\xampp\\\\mysql\\\\bin\",\"REDIRECT_OPENSSL_CONF\":\"C:\\/xampp\\/apache\\/bin\\/openssl.cnf\",\"REDIRECT_PHP_PEAR_SYSCONF_DIR\":\"\\\\xampp\\\\php\",\"REDIRECT_PHPRC\":\"\\\\xampp\\\\php\",\"REDIRECT_TMP\":\"\\\\x'),
(25, 'BEN PROPERTY/MACKENZIE KERR', NULL, 'djt@benproperty.co.uk', '$2y$10$XqfJX6LBxeLjvemac1WtHu8T61a7PkadhzRRkqZ.RBj625bhK/QNS', 'client', '0131 271 5000', NULL, 1, 0, NULL, 'enquries@benproperty.co.uk                                                                          ', NULL, NULL, '0131 557 4742', '3 MANOR PLACE', 'EDINBURGH', '', 'EH3 7DH', 'United Kingdom', 'London', NULL, 'LET BY STKRS   WE USE STOCK STICKERS', NULL, 'A', 'TO LET BD', '', 1, '2018-12-19 07:59:52', '::1', '{\"REDIRECT_MIBDIRS\":\"C:\\/xampp\\/php\\/extras\\/mibs\",\"REDIRECT_MYSQL_HOME\":\"\\\\xampp\\\\mysql\\\\bin\",\"REDIRECT_OPENSSL_CONF\":\"C:\\/xampp\\/apache\\/bin\\/openssl.cnf\",\"REDIRECT_PHP_PEAR_SYSCONF_DIR\":\"\\\\xampp\\\\php\",\"REDIRECT_PHPRC\":\"\\\\xampp\\\\php\",\"REDIRECT_TMP\":\"\\\\x'),
(26, 'BEVERIDGE & KELLAS', NULL, 'property@beveridgekellas.com', '$2y$10$3GnS382kRE/Gkf76mDvBLeg1GqngTH73f7U8NV71UTl2qcxiGb10a', 'client', '0131 554 6321', NULL, 1, 0, NULL, 'a.connery@beveridgekellas.com', NULL, NULL, '0131 553 5319', '52 LEITH WALK', 'EDINBURGH', '', 'EH6 5HW', 'United Kingdom', 'London', NULL, 'SOLD SUBJECT RED BACKGROUND WHITE LETTERS   THEY BUY A BUNDLE FROM US SO WE NEVER APPLY THEM TO BOAR', NULL, 'A', 'FSB', '', 1, '2018-12-19 07:59:52', '::1', '{\"REDIRECT_MIBDIRS\":\"C:\\/xampp\\/php\\/extras\\/mibs\",\"REDIRECT_MYSQL_HOME\":\"\\\\xampp\\\\mysql\\\\bin\",\"REDIRECT_OPENSSL_CONF\":\"C:\\/xampp\\/apache\\/bin\\/openssl.cnf\",\"REDIRECT_PHP_PEAR_SYSCONF_DIR\":\"\\\\xampp\\\\php\",\"REDIRECT_PHPRC\":\"\\\\xampp\\\\php\",\"REDIRECT_TMP\":\"\\\\x'),
(27, 'BLACKADDER (FORMERLY M NORWELL)', NULL, 'enquiries@blackadders.co.uk', '$2y$10$i5Buw58BOBtxH9cSaHefuu6SrATPQ483AKm9vlkbl29OsQryE3RV.', 'client', '0131 202 1868 No.ON BOARD   222 8000 RECEPTION 07740 600371 SUSAN BLAIKIE', NULL, 1, 0, NULL, 'leigh.carrie@blackadder.co.uk', NULL, NULL, '0131 222 8008', '7 RUTLAND SQUARE', 'EDINBURGH', '', 'EH1 2AS', 'United Kingdom', 'London', NULL, 'SOLD SUBJECT RED BACKGROUND WHITE LETTERS LARGE FIXED PRICE    UNDER OFFER STICKERS WHITE LETTERS ON', NULL, 'A', 'FSB', 'COLIN BLAIKIE HAVE MERGED WITH BLACKADDERS AS OF 1/10/14', 1, '2018-12-19 07:59:52', '::1', '{\"REDIRECT_MIBDIRS\":\"C:\\/xampp\\/php\\/extras\\/mibs\",\"REDIRECT_MYSQL_HOME\":\"\\\\xampp\\\\mysql\\\\bin\",\"REDIRECT_OPENSSL_CONF\":\"C:\\/xampp\\/apache\\/bin\\/openssl.cnf\",\"REDIRECT_PHP_PEAR_SYSCONF_DIR\":\"\\\\xampp\\\\php\",\"REDIRECT_PHPRC\":\"\\\\xampp\\\\php\",\"REDIRECT_TMP\":\"\\\\x'),
(28, 'BOYD LEGAL LTD', NULL, '', '$2y$10$Jo/t5/JMj7ICyxclfN/cU.w5kcFp5KPI2.swXCsBGurPepU4EXZvW', 'client', '0131 226 7464', NULL, 1, 0, NULL, '', NULL, NULL, '0131 226 7242', '21-22 QUEENFERRY STREET', 'EDINBURGH', '', 'EH2 4RD', 'United Kingdom', 'London', NULL, 'UNDER OFFER STICKERS WHITE LETERS THEY BUY BUNDLES FROM US', NULL, 'A', 'FSB', '', 1, '2018-12-19 07:59:52', '::1', '{\"REDIRECT_MIBDIRS\":\"C:\\/xampp\\/php\\/extras\\/mibs\",\"REDIRECT_MYSQL_HOME\":\"\\\\xampp\\\\mysql\\\\bin\",\"REDIRECT_OPENSSL_CONF\":\"C:\\/xampp\\/apache\\/bin\\/openssl.cnf\",\"REDIRECT_PHP_PEAR_SYSCONF_DIR\":\"\\\\xampp\\\\php\",\"REDIRECT_PHPRC\":\"\\\\xampp\\\\php\",\"REDIRECT_TMP\":\"\\\\x'),
(29, 'BOYD LETTING PARTNERSHIP', NULL, 'web@boydsolicitors.com', '$2y$10$OAILspUUI208e292QMEad..qBS.2IJfz5b/D44FZuvcmFqdri1nLW', 'client', '0131 226 7464', NULL, 1, 0, NULL, 'alison@boyd solicitors.com', NULL, NULL, '0131 226 7242', '1 MELVILLE PLACE', 'EDINBURGH', '', 'EH3 7PR', 'United Kingdom', 'London', NULL, '', NULL, 'A', 'TO LET BD', '', 1, '2018-12-19 07:59:52', '::1', '{\"REDIRECT_MIBDIRS\":\"C:\\/xampp\\/php\\/extras\\/mibs\",\"REDIRECT_MYSQL_HOME\":\"\\\\xampp\\\\mysql\\\\bin\",\"REDIRECT_OPENSSL_CONF\":\"C:\\/xampp\\/apache\\/bin\\/openssl.cnf\",\"REDIRECT_PHP_PEAR_SYSCONF_DIR\":\"\\\\xampp\\\\php\",\"REDIRECT_PHPRC\":\"\\\\xampp\\\\php\",\"REDIRECT_TMP\":\"\\\\x'),
(30, 'BNP PARIBAS REAL ESTATE', NULL, '', '$2y$10$fq69xNW/skMYgI3PKYH2KOy00/tZ0w5Z4XjxrwbvyREi0zLJQ7HBC', 'client', '', NULL, 1, 0, NULL, '', NULL, NULL, '', '', '', '', '', 'United Kingdom', 'London', NULL, '', NULL, 'A', 'FSB', '', 1, '2018-12-19 07:59:52', '::1', '{\"REDIRECT_MIBDIRS\":\"C:\\/xampp\\/php\\/extras\\/mibs\",\"REDIRECT_MYSQL_HOME\":\"\\\\xampp\\\\mysql\\\\bin\",\"REDIRECT_OPENSSL_CONF\":\"C:\\/xampp\\/apache\\/bin\\/openssl.cnf\",\"REDIRECT_PHP_PEAR_SYSCONF_DIR\":\"\\\\xampp\\\\php\",\"REDIRECT_PHPRC\":\"\\\\xampp\\\\php\",\"REDIRECT_TMP\":\"\\\\x'),
(31, 'BRAEMORE PROPERTIES', NULL, 'elissa.solomon@braemore.co.uk', '$2y$10$0kmRMMF/A0pYMwHQ694yqO5TGYfacMEeIAq9VbG9WHPWR1qzuUzna', 'client', '0131 624 6666  0131 624 6911 DIRECT DIAL JADE', NULL, 1, 0, NULL, 'finance@bramorelettings.co.uk', NULL, NULL, '0131 624 6664', '53 DUNDAS STREET', 'EDINBURGH', '', 'EH3 6RF', 'United Kingdom', 'London', NULL, 'SPECIAL OVERPLATES (GONE ECT)', NULL, 'A', 'TO LET BD', '', 1, '2018-12-19 07:59:52', '::1', '{\"REDIRECT_MIBDIRS\":\"C:\\/xampp\\/php\\/extras\\/mibs\",\"REDIRECT_MYSQL_HOME\":\"\\\\xampp\\\\mysql\\\\bin\",\"REDIRECT_OPENSSL_CONF\":\"C:\\/xampp\\/apache\\/bin\\/openssl.cnf\",\"REDIRECT_PHP_PEAR_SYSCONF_DIR\":\"\\\\xampp\\\\php\",\"REDIRECT_PHPRC\":\"\\\\xampp\\\\php\",\"REDIRECT_TMP\":\"\\\\x'),
(32, 'BROUGHTON PROPERTIES', NULL, 'info@broughtonproperty.co.uk', '$2y$10$ac6P.pAwYYcyDRr6qYwPtudNE7OLy4nXbO3JBN6QHXIP8t4MCec/a', 'client', '0131 478 7222 ALEX DIRECT DIAL 6523262 DUNCAN DIRECT DIAL 652 3265LEANNE DD\n  652 3262', NULL, 1, 0, NULL, 'isobel@broughtonproperty.co.uk', NULL, NULL, '0131 478 7227', '61-63 BROUGHTON STREET', 'EDINBURGH', '', 'EH1 3RJ', 'United Kingdom', 'London', NULL, 'LET BY OVERPLATES WITH VARIOUS WORDING THEY HAVE A SPECIAL DEAL WHICH INCLUDES THE APPLICATION OF TH', NULL, 'A', 'TO LET BD', '', 1, '2018-12-19 07:59:52', '::1', '{\"REDIRECT_MIBDIRS\":\"C:\\/xampp\\/php\\/extras\\/mibs\",\"REDIRECT_MYSQL_HOME\":\"\\\\xampp\\\\mysql\\\\bin\",\"REDIRECT_OPENSSL_CONF\":\"C:\\/xampp\\/apache\\/bin\\/openssl.cnf\",\"REDIRECT_PHP_PEAR_SYSCONF_DIR\":\"\\\\xampp\\\\php\",\"REDIRECT_PHPRC\":\"\\\\xampp\\\\php\",\"REDIRECT_TMP\":\"\\\\x'),
(33, 'BRUCE RAE', NULL, 'enquiries@brucerae.co.uk', '$2y$10$8BSkh5rLL73dUZfbX3D11eZEvOQJQ0gKVSN1Yf2ByciapaN7IzDIO', 'client', '0131 220 0303', NULL, 1, 0, NULL, 'angus.stewart@brucerae.co.uk', NULL, NULL, '0131 220 0440', '110B ST STEPHEN STREET', 'EDINBURGH', '', 'EH3 5AQ', 'United Kingdom', 'London', NULL, 'LET BY STICKERS WHITE LETTERS RED BACKGROUND THEY BUY BUNDLES FROM US', NULL, 'A', 'TO LET BD', '', 1, '2018-12-19 07:59:52', '::1', '{\"REDIRECT_MIBDIRS\":\"C:\\/xampp\\/php\\/extras\\/mibs\",\"REDIRECT_MYSQL_HOME\":\"\\\\xampp\\\\mysql\\\\bin\",\"REDIRECT_OPENSSL_CONF\":\"C:\\/xampp\\/apache\\/bin\\/openssl.cnf\",\"REDIRECT_PHP_PEAR_SYSCONF_DIR\":\"\\\\xampp\\\\php\",\"REDIRECT_PHPRC\":\"\\\\xampp\\\\php\",\"REDIRECT_TMP\":\"\\\\x'),
(34, 'BTO SOLICITORS', NULL, 'edv@bto.co.uk', '$2y$10$QwM2L68zuWTp.HN4jc2VC.p6zjBMVXDsSZIhMCL5Z8UkN0CalyGx.', 'client', '0131 222 2939', NULL, 1, 0, NULL, 'edv@bto.co.uk', NULL, NULL, '0131 222 2949', 'ONE EDINBURGH QUAY\n 133 FOUNTAINBRIDGE', 'EDINBURGH', '', 'EH3 9QG', 'United Kingdom', 'London', NULL, 'UNDER OFFER AND SOLD STICKERS   NO PARTICULAR COLOUR AND USE OUR STOCK STICKERS', NULL, 'A', 'FSB', '', 1, '2018-12-19 07:59:52', '::1', '{\"REDIRECT_MIBDIRS\":\"C:\\/xampp\\/php\\/extras\\/mibs\",\"REDIRECT_MYSQL_HOME\":\"\\\\xampp\\\\mysql\\\\bin\",\"REDIRECT_OPENSSL_CONF\":\"C:\\/xampp\\/apache\\/bin\\/openssl.cnf\",\"REDIRECT_PHP_PEAR_SYSCONF_DIR\":\"\\\\xampp\\\\php\",\"REDIRECT_PHPRC\":\"\\\\xampp\\\\php\",\"REDIRECT_TMP\":\"\\\\x'),
(35, 'BURGH PROPERTY', NULL, 'andrew@burghproperty.co.uk', '$2y$10$RYVBjRqXNmNPAeRxxXtU6usrGkopSY6.pW8KdKt8P6rvH/d9ghbEG', 'client', '07879 484 260', NULL, 1, 0, NULL, '', NULL, NULL, '', '10A MANOR PLACE', '', 'EDINBURGH', 'EH3 7DD', 'United Kingdom', 'London', NULL, '', NULL, 'A', '', 'NEW KEY SAFE BOX FOR COLLECTION AND DROPPING OF OF KEYS', 1, '2018-12-19 07:59:52', '::1', '{\"REDIRECT_MIBDIRS\":\"C:\\/xampp\\/php\\/extras\\/mibs\",\"REDIRECT_MYSQL_HOME\":\"\\\\xampp\\\\mysql\\\\bin\",\"REDIRECT_OPENSSL_CONF\":\"C:\\/xampp\\/apache\\/bin\\/openssl.cnf\",\"REDIRECT_PHP_PEAR_SYSCONF_DIR\":\"\\\\xampp\\\\php\",\"REDIRECT_PHPRC\":\"\\\\xampp\\\\php\",\"REDIRECT_TMP\":\"\\\\x'),
(36, 'CARRUTHERS GEMMILL', NULL, '', '$2y$10$nCo1nu8wwnHzz1iSsNdWU.Ke7/KMywLihV4Y31GoRWC7VHuQCijTq', 'client', '0141 333 0033', NULL, 1, 0, NULL, '', NULL, NULL, '', '', '', '', '', 'United Kingdom', 'London', NULL, '', NULL, 'A', '', '', 1, '2018-12-19 07:59:52', '::1', '{\"REDIRECT_MIBDIRS\":\"C:\\/xampp\\/php\\/extras\\/mibs\",\"REDIRECT_MYSQL_HOME\":\"\\\\xampp\\\\mysql\\\\bin\",\"REDIRECT_OPENSSL_CONF\":\"C:\\/xampp\\/apache\\/bin\\/openssl.cnf\",\"REDIRECT_PHP_PEAR_SYSCONF_DIR\":\"\\\\xampp\\\\php\",\"REDIRECT_PHPRC\":\"\\\\xampp\\\\php\",\"REDIRECT_TMP\":\"\\\\x'),
(37, 'CAMPBELL SMITH', NULL, 'anne.stewart@camsmith.co.uk', '$2y$10$XpBpv6vzEcVYj7y8oq9zL.A0QeTqEzxgNNtnoa1j4jFDyyNC7wz16', 'client', '0131 473 7706', NULL, 1, 0, NULL, 'cashroom@camsmith.co.uk', NULL, NULL, '0131 473 7700', '21 YORK PLACE', 'EDINBURGH', '', 'EH1 3EN', 'United Kingdom', 'London', NULL, 'under offer red letters big fixed price black letters sold subject red letters white background   TH', NULL, 'A', 'FSB', 'MERGED WITH LINTS', 1, '2018-12-19 07:59:52', '::1', '{\"REDIRECT_MIBDIRS\":\"C:\\/xampp\\/php\\/extras\\/mibs\",\"REDIRECT_MYSQL_HOME\":\"\\\\xampp\\\\mysql\\\\bin\",\"REDIRECT_OPENSSL_CONF\":\"C:\\/xampp\\/apache\\/bin\\/openssl.cnf\",\"REDIRECT_PHP_PEAR_SYSCONF_DIR\":\"\\\\xampp\\\\php\",\"REDIRECT_PHPRC\":\"\\\\xampp\\\\php\",\"REDIRECT_TMP\":\"\\\\x'),
(38, 'CAMPBELL STAFFORD', NULL, 'mail@campbellstaffordestates.com', '$2y$10$CmxAdG7gNVqFUWnkN9ijuOtOVTE6bA6oz0oCnw.PToS750lzsqxIy', 'client', '0131 467 7042', NULL, 1, 0, NULL, 'mail@campbellstaffordestates.com', NULL, NULL, '0131 467 7042', '74 CONSTITUTION STREET', 'EDINBURGH', '', 'EH6 6RP', 'United Kingdom', 'London', NULL, 'LET BY STICKERS   NO PARTICULAR COLOUR AND USE OUR STOCK STICKERS', NULL, 'A', 'TO LET BD', '', 1, '2018-12-19 07:59:52', '::1', '{\"REDIRECT_MIBDIRS\":\"C:\\/xampp\\/php\\/extras\\/mibs\",\"REDIRECT_MYSQL_HOME\":\"\\\\xampp\\\\mysql\\\\bin\",\"REDIRECT_OPENSSL_CONF\":\"C:\\/xampp\\/apache\\/bin\\/openssl.cnf\",\"REDIRECT_PHP_PEAR_SYSCONF_DIR\":\"\\\\xampp\\\\php\",\"REDIRECT_PHPRC\":\"\\\\xampp\\\\php\",\"REDIRECT_TMP\":\"\\\\x'),
(39, 'CAMERON STEPHEN', NULL, 'property@cameronstephen.co.uk', '$2y$10$QeThl4BcTBk3LkdF3aKMI.lTxGBw68ciqFU3Ew.0/r3RTJMJAnJEu', 'client', '0131 555 1234', NULL, 1, 0, NULL, 'property@cameronstephen.co.uk', NULL, NULL, '', '14 CONSTITUTION STREET\n EDINBURGH', '', '', 'EH6 7BJ', 'United Kingdom', 'London', NULL, 'THEY HAVE UNDER OFFER OVERPLATES BLUE LETTERS ON GREY BACKGROUND   OWN OVERPLATES', NULL, 'A', '', '', 1, '2018-12-19 07:59:52', '::1', '{\"REDIRECT_MIBDIRS\":\"C:\\/xampp\\/php\\/extras\\/mibs\",\"REDIRECT_MYSQL_HOME\":\"\\\\xampp\\\\mysql\\\\bin\",\"REDIRECT_OPENSSL_CONF\":\"C:\\/xampp\\/apache\\/bin\\/openssl.cnf\",\"REDIRECT_PHP_PEAR_SYSCONF_DIR\":\"\\\\xampp\\\\php\",\"REDIRECT_PHPRC\":\"\\\\xampp\\\\php\",\"REDIRECT_TMP\":\"\\\\x'),
(40, 'CHURCH OF SCOTLAND', NULL, 'mwilson@cofscotland.org.uk', '$2y$10$0zFqcl8/JQarf16vD2RglOjQKqzm1I3zc3Fk3zmC6pbBqetPFI4qy', 'client', '0131 225 5722', NULL, 1, 0, NULL, '', NULL, NULL, '0131 240 2246', '121 GEORGE STREET (FAO LAW DEPT.)', 'EDINBURGH', '', 'EH2 4YN', 'United Kingdom', 'London', NULL, 'UNDER OFFERS RED BACKGROUND WHITE LETTERS', NULL, 'A', 'SUPPLY', '', 1, '2018-12-19 07:59:52', '::1', '{\"REDIRECT_MIBDIRS\":\"C:\\/xampp\\/php\\/extras\\/mibs\",\"REDIRECT_MYSQL_HOME\":\"\\\\xampp\\\\mysql\\\\bin\",\"REDIRECT_OPENSSL_CONF\":\"C:\\/xampp\\/apache\\/bin\\/openssl.cnf\",\"REDIRECT_PHP_PEAR_SYSCONF_DIR\":\"\\\\xampp\\\\php\",\"REDIRECT_PHPRC\":\"\\\\xampp\\\\php\",\"REDIRECT_TMP\":\"\\\\x'),
(41, 'GALBRAITH EDINBURGH', NULL, 'Amanda.Johnstone@ckdgalbraith.co.uk', '$2y$10$YAao3nCLUDfc6QB85JHWi./JVqPzPG5K.gW6fWLjiv53CUSBmTnJe', 'client', '0131 240 6968  240 6960             (TELE 1ST)            240 6982           ANDREW  07836 249444 ALASTAIR', NULL, 1, 0, NULL, 'Amanda.Johnstone@ckdgalbraith.co.uk', NULL, NULL, '0131 240 6961', '59 GEORGE STREET', 'EDINBURGH', '', 'EH2 2JG', 'United Kingdom', 'London', NULL, 'LARGE ORANGE OVERPLATES THAT SAY \"UNDER OFFER\" ON ONE SIDE \"SOLD\" ON THE OTHER   THEY OWN THEM AND W', NULL, 'A', 'FSB', '', 1, '2018-12-19 07:59:52', '::1', '{\"REDIRECT_MIBDIRS\":\"C:\\/xampp\\/php\\/extras\\/mibs\",\"REDIRECT_MYSQL_HOME\":\"\\\\xampp\\\\mysql\\\\bin\",\"REDIRECT_OPENSSL_CONF\":\"C:\\/xampp\\/apache\\/bin\\/openssl.cnf\",\"REDIRECT_PHP_PEAR_SYSCONF_DIR\":\"\\\\xampp\\\\php\",\"REDIRECT_PHPRC\":\"\\\\xampp\\\\php\",\"REDIRECT_TMP\":\"\\\\x'),
(42, 'GALBRAITH KELSO', NULL, 'KATHLEEN.MCINTEE@CKDGALBRAITH.CO.UK', '$2y$10$zzeWGrviyZfdNI/xbMYJDO0QYkkviOLsZ5zslINxQ58tJA.ySTYUa', 'client', '01573 224962', NULL, 1, 0, NULL, '', NULL, NULL, '01573 226676', '30 THE SQUARE', 'KELSO', '', 'TD5 7HL', 'United Kingdom', 'London', NULL, '', NULL, 'A', '', '', 1, '2018-12-19 07:59:52', '::1', '{\"REDIRECT_MIBDIRS\":\"C:\\/xampp\\/php\\/extras\\/mibs\",\"REDIRECT_MYSQL_HOME\":\"\\\\xampp\\\\mysql\\\\bin\",\"REDIRECT_OPENSSL_CONF\":\"C:\\/xampp\\/apache\\/bin\\/openssl.cnf\",\"REDIRECT_PHP_PEAR_SYSCONF_DIR\":\"\\\\xampp\\\\php\",\"REDIRECT_PHPRC\":\"\\\\xampp\\\\php\",\"REDIRECT_TMP\":\"\\\\x'),
(43, 'GALBRAITH PEEBLES', NULL, 'peebles@ckdgalbraith.co.uk', '$2y$10$ixodPjBRsKUGdZhJUXoOdOfqHXEqx6ZS/7doQhNLrmKdCTnJ/jPai', 'client', '01721 722 787', NULL, 1, 0, NULL, 'peebles@ckdgalbraith.co.uk', NULL, NULL, '01721 729662', '2/4 NORTHGATE', 'PEEBLES', '', 'EH45 8RS', 'United Kingdom', 'London', NULL, '', NULL, 'A', 'FSB', '', 1, '2018-12-19 07:59:52', '::1', '{\"REDIRECT_MIBDIRS\":\"C:\\/xampp\\/php\\/extras\\/mibs\",\"REDIRECT_MYSQL_HOME\":\"\\\\xampp\\\\mysql\\\\bin\",\"REDIRECT_OPENSSL_CONF\":\"C:\\/xampp\\/apache\\/bin\\/openssl.cnf\",\"REDIRECT_PHP_PEAR_SYSCONF_DIR\":\"\\\\xampp\\\\php\",\"REDIRECT_PHPRC\":\"\\\\xampp\\\\php\",\"REDIRECT_TMP\":\"\\\\x'),
(44, 'CLAN GORDON', NULL, 'kate@clangordon.co.uk', '$2y$10$PWS1s.VTTlN2U28x1XD/G./PJkMMo7CwXbgDybaJ5g54cF7kuFDcy', 'client', '0131 555 4444 MOB                     07585 50131', NULL, 1, 0, NULL, 'enquiries@clangordon.co.uk', NULL, NULL, '', 'SUITE 1B - 1 CARMICHAEL PLACE', 'NEWHAVEN', 'EDINBURGH', 'EH6 5PH', 'United Kingdom', 'London', NULL, 'OWN OVER PLATES UNDER OFFER WHITE LETTERS ON BLUE', NULL, 'A', 'TO LET BD', 'STKRS ARE FREE', 1, '2018-12-19 07:59:52', '::1', '{\"REDIRECT_MIBDIRS\":\"C:\\/xampp\\/php\\/extras\\/mibs\",\"REDIRECT_MYSQL_HOME\":\"\\\\xampp\\\\mysql\\\\bin\",\"REDIRECT_OPENSSL_CONF\":\"C:\\/xampp\\/apache\\/bin\\/openssl.cnf\",\"REDIRECT_PHP_PEAR_SYSCONF_DIR\":\"\\\\xampp\\\\php\",\"REDIRECT_PHPRC\":\"\\\\xampp\\\\php\",\"REDIRECT_TMP\":\"\\\\x'),
(45, 'CLANCY HENDRIE LEGAL', NULL, '', '$2y$10$5aCqDTL.vbJR.Ap3YnBPJ.O33ABqMKLAikRozvCHNgua0Au84CCDe', 'client', '0131 337 7771', NULL, 1, 0, NULL, '', NULL, NULL, '', '23 ROSEBURN TERRACE\n EDINBURGH', '', '', 'EH12 5NG', 'United Kingdom', 'London', NULL, 'UNDER OFFERS YELLOW LETTERS ON BLACK BACKGROUND THEY BUY BUNDLES FROM US', NULL, 'A', 'FSB', 'PREVIOUSLY CLANCYS BUT HAVE NOW MERGED WITH HENDRIES', 1, '2018-12-19 07:59:52', '::1', '{\"REDIRECT_MIBDIRS\":\"C:\\/xampp\\/php\\/extras\\/mibs\",\"REDIRECT_MYSQL_HOME\":\"\\\\xampp\\\\mysql\\\\bin\",\"REDIRECT_OPENSSL_CONF\":\"C:\\/xampp\\/apache\\/bin\\/openssl.cnf\",\"REDIRECT_PHP_PEAR_SYSCONF_DIR\":\"\\\\xampp\\\\php\",\"REDIRECT_PHPRC\":\"\\\\xampp\\\\php\",\"REDIRECT_TMP\":\"\\\\x'),
(46, 'CLOUDS PROPERTY MANAGEMENT', NULL, 'info@clouds.co.uk', '$2y$10$.wiJZUkIXXI/kNYVkah6.evhKcsdY40lCycMfLnJ9Y50BTSGQ3o7u', 'client', '0131 550 3808', NULL, 1, 0, NULL, '', NULL, NULL, '0131 3807', '18 FORTH STREET', '', 'EDINBURGH', 'EH1 3LH', 'United Kingdom', 'London', NULL, 'OWN OWN OVERPLATES \"NOW LET\" RED LETTERS ON WHITE', NULL, 'A', 'TO LET BD', '', 1, '2018-12-19 07:59:52', '::1', '{\"REDIRECT_MIBDIRS\":\"C:\\/xampp\\/php\\/extras\\/mibs\",\"REDIRECT_MYSQL_HOME\":\"\\\\xampp\\\\mysql\\\\bin\",\"REDIRECT_OPENSSL_CONF\":\"C:\\/xampp\\/apache\\/bin\\/openssl.cnf\",\"REDIRECT_PHP_PEAR_SYSCONF_DIR\":\"\\\\xampp\\\\php\",\"REDIRECT_PHPRC\":\"\\\\xampp\\\\php\",\"REDIRECT_TMP\":\"\\\\x'),
(47, 'CLYDE PROPERTY', NULL, 'stuart.brown@clydeproperty.co.uk', '$2y$10$5m9v91fqVOEMYocVPaDWzeN6Cb043wwUaiyNc5WjeH/HFuguvjjxi', 'client', '0131 297 5999   07540 764244 (STUART)', NULL, 1, 0, NULL, 'finance.team@clydeproperty.co.uk', NULL, NULL, '', 'FINANCE TEAM\n 8 BUSBY ROAD\n CLARKSTON\n GLASGOW', '', '', 'G76 7XL', 'United Kingdom', 'London', NULL, 'THEY OWN BOTH FOR SALE BOARD & TO LET BDS   THEY ALSO PROVIDE THEIR OWN \"LET\" OVERPLATES AND \"UNDER ', NULL, 'A', 'FSB', 'T SHAPED BOARDS   PROPERTY OFFICE IS ON MORNINGSIDE ROAD', 1, '2018-12-19 07:59:52', '::1', '{\"REDIRECT_MIBDIRS\":\"C:\\/xampp\\/php\\/extras\\/mibs\",\"REDIRECT_MYSQL_HOME\":\"\\\\xampp\\\\mysql\\\\bin\",\"REDIRECT_OPENSSL_CONF\":\"C:\\/xampp\\/apache\\/bin\\/openssl.cnf\",\"REDIRECT_PHP_PEAR_SYSCONF_DIR\":\"\\\\xampp\\\\php\",\"REDIRECT_PHPRC\":\"\\\\xampp\\\\php\",\"REDIRECT_TMP\":\"\\\\x'),
(48, 'CONNELL & CONNELL', NULL, 'property@connellws.co.uk', '$2y$10$9myETAFv4NtWcl/g6wpaLes5PalLMI20Eh.gIvpBPqsRj3wQ5KzTC', 'client', '0131 556 2993', NULL, 1, 0, NULL, 'dm@connellws.co.uk', NULL, NULL, '0131 557 5542', '10 DUBLIN STREET', 'EDINBURGH', '', 'EH1 3PR', 'United Kingdom', 'London', NULL, 'UNDER OFFER RED LETTERS WHITE BACKGROUND   THEY BUY BUNDLES FROM US', NULL, 'A', 'FSB', '', 1, '2018-12-19 07:59:52', '::1', '{\"REDIRECT_MIBDIRS\":\"C:\\/xampp\\/php\\/extras\\/mibs\",\"REDIRECT_MYSQL_HOME\":\"\\\\xampp\\\\mysql\\\\bin\",\"REDIRECT_OPENSSL_CONF\":\"C:\\/xampp\\/apache\\/bin\\/openssl.cnf\",\"REDIRECT_PHP_PEAR_SYSCONF_DIR\":\"\\\\xampp\\\\php\",\"REDIRECT_PHPRC\":\"\\\\xampp\\\\php\",\"REDIRECT_TMP\":\"\\\\x'),
(49, 'CONTEMPO', NULL, 'graham@contempoproperty.co.uk', '$2y$10$kU0yMrEQp2sXIc3zNAaKy.DCFhLJtSLZ5MW1Uwkuh7r9KHsWGtpRW', 'client', '0131 603 8987   07428 453100', NULL, 1, 0, NULL, '', NULL, NULL, '', '12 ALVA STREET\n EDINBURGH', '', '', 'EH2 4QG', 'United Kingdom', 'London', NULL, '', NULL, 'A', 'TO LET BD', '', 1, '2018-12-19 07:59:52', '::1', '{\"REDIRECT_MIBDIRS\":\"C:\\/xampp\\/php\\/extras\\/mibs\",\"REDIRECT_MYSQL_HOME\":\"\\\\xampp\\\\mysql\\\\bin\",\"REDIRECT_OPENSSL_CONF\":\"C:\\/xampp\\/apache\\/bin\\/openssl.cnf\",\"REDIRECT_PHP_PEAR_SYSCONF_DIR\":\"\\\\xampp\\\\php\",\"REDIRECT_PHPRC\":\"\\\\xampp\\\\php\",\"REDIRECT_TMP\":\"\\\\x'),
(50, 'COULTERS PROPERTY LTD', NULL, 'mark@coultersproperty.co.uk', '$2y$10$Jdio.gS0wB0pPj2PnT7zxe7DJTgb44F7I2Ts3E6/HrW3csgVdruQq', 'client', '0131 603 7333    0131 510 6987/6989 STOCKBRIDGE OFFICE     CASHROOM 01506401270', NULL, 1, 0, NULL, 'accounts@coultersproperty.co.uk', NULL, NULL, '', '32 NORTH WEST CIRCUS PLACE', '', 'EDINBURGH', 'EH3 6TP', 'United Kingdom', 'London', NULL, 'SOLD SSTC OVERPLATES ORANGE WITH BLACK LETTERS   OWN OVERPLATES', NULL, 'A', 'FSB', 'ORANGE POLES   NO EXTRA CHARGE APPLICABLE', 1, '2018-12-19 07:59:52', '::1', '{\"REDIRECT_MIBDIRS\":\"C:\\/xampp\\/php\\/extras\\/mibs\",\"REDIRECT_MYSQL_HOME\":\"\\\\xampp\\\\mysql\\\\bin\",\"REDIRECT_OPENSSL_CONF\":\"C:\\/xampp\\/apache\\/bin\\/openssl.cnf\",\"REDIRECT_PHP_PEAR_SYSCONF_DIR\":\"\\\\xampp\\\\php\",\"REDIRECT_PHPRC\":\"\\\\xampp\\\\php\",\"REDIRECT_TMP\":\"\\\\x'),
(51, 'COULTERS LETTING', NULL, 'mark@coultersproperty.co.uk', '$2y$10$Gyg8UMd0fTedIeWCrRjqTuCSQ2Db/OlcYwXwKxXcOM8uBoDh0/ZCK', 'client', '0131 603 7333', NULL, 1, 0, NULL, 'tara.willis@coulters.co/uk', NULL, NULL, '', '32 NORTH WEST CIRCUS PLACE', '', 'EDINBURGH', 'EH3 6TP', 'United Kingdom', 'London', NULL, '', NULL, 'A', 'TO LET BD', '', 1, '2018-12-19 07:59:52', '::1', '{\"REDIRECT_MIBDIRS\":\"C:\\/xampp\\/php\\/extras\\/mibs\",\"REDIRECT_MYSQL_HOME\":\"\\\\xampp\\\\mysql\\\\bin\",\"REDIRECT_OPENSSL_CONF\":\"C:\\/xampp\\/apache\\/bin\\/openssl.cnf\",\"REDIRECT_PHP_PEAR_SYSCONF_DIR\":\"\\\\xampp\\\\php\",\"REDIRECT_PHPRC\":\"\\\\xampp\\\\php\",\"REDIRECT_TMP\":\"\\\\x'),
(52, 'COX & CO', NULL, '', '$2y$10$jnZS.MUZSb8BgC.kP2Tg2.I0P7yUrCqQ.qGAkIFUifbo5hdj5IRYS', 'client', '0131 229 6017', NULL, 1, 0, NULL, '', NULL, NULL, '', '28 THISTLE STREET', 'EDINBURGH', '', 'EH2 1EN', 'United Kingdom', 'London', NULL, '', NULL, 'A', 'TO LET BD', 'TO LET BOARDS', 1, '2018-12-19 07:59:52', '::1', '{\"REDIRECT_MIBDIRS\":\"C:\\/xampp\\/php\\/extras\\/mibs\",\"REDIRECT_MYSQL_HOME\":\"\\\\xampp\\\\mysql\\\\bin\",\"REDIRECT_OPENSSL_CONF\":\"C:\\/xampp\\/apache\\/bin\\/openssl.cnf\",\"REDIRECT_PHP_PEAR_SYSCONF_DIR\":\"\\\\xampp\\\\php\",\"REDIRECT_PHPRC\":\"\\\\xampp\\\\php\",\"REDIRECT_TMP\":\"\\\\x'),
(53, 'CRAIG FLOWER', NULL, 'info@craigflowerlettings.co.uk', '$2y$10$VmG1et76tBltnE2iqedmZOMqv/aqbcUjh40qP9Il6euGJ/LcFXQ4S', 'client', '0131 346 2400', NULL, 1, 0, NULL, 'heidi@craigflowerlettings.co.uk', NULL, NULL, '', '36 ASHLEY TERRACE', 'EDINBURGH', '', 'EH11 1RE', 'United Kingdom', 'London', NULL, 'LET BY STICKERS  NO PARTICULAR COLOUR AND WE USE OUR STOCK STICKERS', NULL, 'A', 'TO LET BD', '', 1, '2018-12-19 07:59:52', '::1', '{\"REDIRECT_MIBDIRS\":\"C:\\/xampp\\/php\\/extras\\/mibs\",\"REDIRECT_MYSQL_HOME\":\"\\\\xampp\\\\mysql\\\\bin\",\"REDIRECT_OPENSSL_CONF\":\"C:\\/xampp\\/apache\\/bin\\/openssl.cnf\",\"REDIRECT_PHP_PEAR_SYSCONF_DIR\":\"\\\\xampp\\\\php\",\"REDIRECT_PHPRC\":\"\\\\xampp\\\\php\",\"REDIRECT_TMP\":\"\\\\x'),
(54, 'CRUZ PROPERTY MANAGEMENT', NULL, 'margaret@cruzpropertymanagement.co.uk', '$2y$10$4MxcSmV2wqDSVZ58QZzhheP1lGofro.Ww0WnoQW25Q8MnGQM2rutK', 'client', '01368 866 806', NULL, 1, 0, NULL, '', NULL, NULL, '07557 335 976', 'DALMATIAN HOUSE SPOTT ROAD', '', 'DUNBAR', 'EH42 1LE', 'United Kingdom', 'London', NULL, 'THEY HAVE THEIR OWN STICKERS WHICH WE DO NOT APPLY', NULL, 'A', 'TO LET BD', 'TO LET BDS', 1, '2018-12-19 07:59:52', '::1', '{\"REDIRECT_MIBDIRS\":\"C:\\/xampp\\/php\\/extras\\/mibs\",\"REDIRECT_MYSQL_HOME\":\"\\\\xampp\\\\mysql\\\\bin\",\"REDIRECT_OPENSSL_CONF\":\"C:\\/xampp\\/apache\\/bin\\/openssl.cnf\",\"REDIRECT_PHP_PEAR_SYSCONF_DIR\":\"\\\\xampp\\\\php\",\"REDIRECT_PHPRC\":\"\\\\xampp\\\\php\",\"REDIRECT_TMP\":\"\\\\x'),
(55, 'CULLEN PROPERTIES', NULL, 'info@cullenproperty.com', '$2y$10$jWgr00N9jvKnMaVJmRdMsexJlNpY/mvN32IwpnNwIcz3IxXgbPVba', 'client', '0131 221 1818', NULL, 1, 0, NULL, 'anita@cullenproperty.com', NULL, NULL, '0131 221 9595', '30 RUTLAND SQUARE', 'EDINBURGH', '', 'EH1 2BW', 'United Kingdom', 'London', NULL, '', NULL, 'A', 'TO LET BD', '', 1, '2018-12-19 07:59:52', '::1', '{\"REDIRECT_MIBDIRS\":\"C:\\/xampp\\/php\\/extras\\/mibs\",\"REDIRECT_MYSQL_HOME\":\"\\\\xampp\\\\mysql\\\\bin\",\"REDIRECT_OPENSSL_CONF\":\"C:\\/xampp\\/apache\\/bin\\/openssl.cnf\",\"REDIRECT_PHP_PEAR_SYSCONF_DIR\":\"\\\\xampp\\\\php\",\"REDIRECT_PHPRC\":\"\\\\xampp\\\\php\",\"REDIRECT_TMP\":\"\\\\x'),
(56, 'CULLERTON', NULL, '', '$2y$10$FKC/aphPx51BP5F7JaU2LeHMEt6hIzs7xtxY.p3f1bIEZmcxCSlUy', 'client', '0131 225 5007  07931 378008', NULL, 1, 0, NULL, '', NULL, NULL, '', '74 ST STEPHEN STREET\n EDINBURGH', '', '', 'EH3 5AQ', 'United Kingdom', 'London', NULL, 'UNDER OFFER STICKERS WHITE LETTERS ON RED BACKGROUND   THEY BUY BUNDLES FROM US', NULL, 'A', 'FSB', '', 1, '2018-12-19 07:59:52', '::1', '{\"REDIRECT_MIBDIRS\":\"C:\\/xampp\\/php\\/extras\\/mibs\",\"REDIRECT_MYSQL_HOME\":\"\\\\xampp\\\\mysql\\\\bin\",\"REDIRECT_OPENSSL_CONF\":\"C:\\/xampp\\/apache\\/bin\\/openssl.cnf\",\"REDIRECT_PHP_PEAR_SYSCONF_DIR\":\"\\\\xampp\\\\php\",\"REDIRECT_PHPRC\":\"\\\\xampp\\\\php\",\"REDIRECT_TMP\":\"\\\\x'),
(57, 'CUTLER & STAG', NULL, 'david.harper@cutlerandstag.co.uk', '$2y$10$pSbC2ub4sDc21uqFxad4I.YLlk17fgK/b/pJFSsuHxdvOaGK30oo2', 'client', '0131 210 0080     07491 670283  07760 301328', NULL, 1, 0, NULL, '', NULL, NULL, '', '1 ORCHARD PLACE\n EDINBURGH', '', '', 'EH4 2ET', 'United Kingdom', 'London', NULL, '', NULL, 'A', '', '', 1, '2018-12-19 07:59:52', '::1', '{\"REDIRECT_MIBDIRS\":\"C:\\/xampp\\/php\\/extras\\/mibs\",\"REDIRECT_MYSQL_HOME\":\"\\\\xampp\\\\mysql\\\\bin\",\"REDIRECT_OPENSSL_CONF\":\"C:\\/xampp\\/apache\\/bin\\/openssl.cnf\",\"REDIRECT_PHP_PEAR_SYSCONF_DIR\":\"\\\\xampp\\\\php\",\"REDIRECT_PHPRC\":\"\\\\xampp\\\\php\",\"REDIRECT_TMP\":\"\\\\x'),
(58, 'DAVIDSONS', NULL, '', '$2y$10$Zu2VMgjUFh3ChGyuNMMj2uGKIbfDg1XzLoAJXf0iCuGnPuEU.u70q', 'client', '0131 558 9999', NULL, 1, 0, NULL, '', NULL, NULL, '', '', '', '', '', 'United Kingdom', 'London', NULL, '', NULL, 'A', 'FSB', '', 1, '2018-12-19 07:59:52', '::1', '{\"REDIRECT_MIBDIRS\":\"C:\\/xampp\\/php\\/extras\\/mibs\",\"REDIRECT_MYSQL_HOME\":\"\\\\xampp\\\\mysql\\\\bin\",\"REDIRECT_OPENSSL_CONF\":\"C:\\/xampp\\/apache\\/bin\\/openssl.cnf\",\"REDIRECT_PHP_PEAR_SYSCONF_DIR\":\"\\\\xampp\\\\php\",\"REDIRECT_PHPRC\":\"\\\\xampp\\\\php\",\"REDIRECT_TMP\":\"\\\\x'),
(59, 'D J ALEXANDER LEGAL LLP', NULL, 'sararankin@djalexanderlegal', '$2y$10$rFjb7GBUxjtSsOaGa2RVHuJD7ss3fykYNqvppEyeYXC0ubPGntyFW', 'client', '0131 652 7313     0131 653 7314', NULL, 1, 0, NULL, 'davidgibb@djalexander.co.uk   lett   fionascott@djallexanderlegal.co.uk', NULL, NULL, '0131 652 7319', '1 WEMYSS PLACE', 'EDINBURGH', '', 'EH3 6DH', 'United Kingdom', 'London', NULL, 'THEY HAVE UNDER OFFER BOARDS WHICH WE REPLACE FOR SALE BOARD WITH THEY OWN THEM', NULL, 'A', 'FSB', '', 1, '2018-12-19 07:59:52', '::1', '{\"REDIRECT_MIBDIRS\":\"C:\\/xampp\\/php\\/extras\\/mibs\",\"REDIRECT_MYSQL_HOME\":\"\\\\xampp\\\\mysql\\\\bin\",\"REDIRECT_OPENSSL_CONF\":\"C:\\/xampp\\/apache\\/bin\\/openssl.cnf\",\"REDIRECT_PHP_PEAR_SYSCONF_DIR\":\"\\\\xampp\\\\php\",\"REDIRECT_PHPRC\":\"\\\\xampp\\\\php\",\"REDIRECT_TMP\":\"\\\\x'),
(60, 'DJ ALEXANDER LETTING', NULL, 'propertylets@djalexander.co.uk', '$2y$10$HDX75lJbKk5Z25CGqqdJzeEVJIvFkJJpEFVoePoErgTlfkjUzbzAa', 'client', '0131 322 3472 (JONNY)  0131 558 3000 OR 0131 524 1340', NULL, 1, 0, NULL, 'davidgibb@djalexander.co.uk', NULL, NULL, '0131 558 3005', '52 DUNDAS STREET', 'EDINBURGH', '', 'EH3 6QZ', 'United Kingdom', 'London', NULL, '', NULL, 'A', 'TO LET BD', 'KEYS AT NUMBER 52 (THEY ALSO HAVE AN OFFICE AT NUMBER 24 BUT KEYS ARE NEVER HELD HERE)', 1, '2018-12-19 07:59:52', '::1', '{\"REDIRECT_MIBDIRS\":\"C:\\/xampp\\/php\\/extras\\/mibs\",\"REDIRECT_MYSQL_HOME\":\"\\\\xampp\\\\mysql\\\\bin\",\"REDIRECT_OPENSSL_CONF\":\"C:\\/xampp\\/apache\\/bin\\/openssl.cnf\",\"REDIRECT_PHP_PEAR_SYSCONF_DIR\":\"\\\\xampp\\\\php\",\"REDIRECT_PHPRC\":\"\\\\xampp\\\\php\",\"REDIRECT_TMP\":\"\\\\x'),
(61, 'D MILLER GLASGOW', NULL, '', '$2y$10$J.RSQpu0wK4tzIiQWv22S.kl7t7y7VHv0PJDTMqty/dz.PpoyY34u', 'client', '0141 335 5332', NULL, 1, 0, NULL, '', NULL, NULL, '', '', '', '', '', 'United Kingdom', 'London', NULL, '', NULL, 'A', '', '', 1, '2018-12-19 07:59:52', '::1', '{\"REDIRECT_MIBDIRS\":\"C:\\/xampp\\/php\\/extras\\/mibs\",\"REDIRECT_MYSQL_HOME\":\"\\\\xampp\\\\mysql\\\\bin\",\"REDIRECT_OPENSSL_CONF\":\"C:\\/xampp\\/apache\\/bin\\/openssl.cnf\",\"REDIRECT_PHP_PEAR_SYSCONF_DIR\":\"\\\\xampp\\\\php\",\"REDIRECT_PHPRC\":\"\\\\xampp\\\\php\",\"REDIRECT_TMP\":\"\\\\x'),
(62, 'DIRECT LETTING', NULL, 'lewis.anderson@directlettings.org', '$2y$10$uOyI7KW.NOKYqMyjs/Ea1.H8ajaomwpNYc1MO366JFek4WgGYjUQq', 'client', '0131 202 5434  EDINBURGH (5-6) MELVILLE PLACE', NULL, 1, 0, NULL, 'Lesley.Davie@directlettings.org', NULL, NULL, '01382 200454', 'J & e SHEPERD', '13 ALBERT SQUARE', 'DUNDEE', 'DD1 1XA', 'United Kingdom', 'London', NULL, 'THERE ARE OVERPLATES ON THE SHELF BUT WE NEVER APPLY THEM NOR DELIVER THEM TO THEIR OFFICE THEY SAY ', NULL, 'A', 'TO LET BD', '', 1, '2018-12-19 07:59:52', '::1', '{\"REDIRECT_MIBDIRS\":\"C:\\/xampp\\/php\\/extras\\/mibs\",\"REDIRECT_MYSQL_HOME\":\"\\\\xampp\\\\mysql\\\\bin\",\"REDIRECT_OPENSSL_CONF\":\"C:\\/xampp\\/apache\\/bin\\/openssl.cnf\",\"REDIRECT_PHP_PEAR_SYSCONF_DIR\":\"\\\\xampp\\\\php\",\"REDIRECT_PHPRC\":\"\\\\xampp\\\\php\",\"REDIRECT_TMP\":\"\\\\x'),
(63, 'DMD LAW', NULL, 'property@dmdpartnership.co.uk', '$2y$10$otL0xnTfOqBklzHN3sTM7.hg592dZW.HcxUrrV2x5RzfMTTIsvTRW', 'client', '0131 316 4666', NULL, 1, 0, NULL, 'mjm@dmdpartnership.co.uk', NULL, NULL, '0131 539 7035', '22 ST JOHNS ROAD', 'EDINBURGH', '', 'EH12 6NZ', 'United Kingdom', 'London', NULL, 'SOLD SUBJECT RED LETTERS WHITE BACKGROUND   THEY BUY BUNDLES FROM US', NULL, 'A', 'FSB', '', 1, '2018-12-19 07:59:52', '::1', '{\"REDIRECT_MIBDIRS\":\"C:\\/xampp\\/php\\/extras\\/mibs\",\"REDIRECT_MYSQL_HOME\":\"\\\\xampp\\\\mysql\\\\bin\",\"REDIRECT_OPENSSL_CONF\":\"C:\\/xampp\\/apache\\/bin\\/openssl.cnf\",\"REDIRECT_PHP_PEAR_SYSCONF_DIR\":\"\\\\xampp\\\\php\",\"REDIRECT_PHPRC\":\"\\\\xampp\\\\php\",\"REDIRECT_TMP\":\"\\\\x'),
(64, 'DUNPARK', NULL, '', '$2y$10$DrXdkN1dgbLdspvN1.Uw7uxtt0JiHz37qK27bR9mcTC5EsjcJif1O', 'client', '', NULL, 1, 0, NULL, '', NULL, NULL, '', '', '', '', '', 'United Kingdom', 'London', NULL, '', NULL, 'A', 'TO LET BD', '', 1, '2018-12-19 07:59:52', '::1', '{\"REDIRECT_MIBDIRS\":\"C:\\/xampp\\/php\\/extras\\/mibs\",\"REDIRECT_MYSQL_HOME\":\"\\\\xampp\\\\mysql\\\\bin\",\"REDIRECT_OPENSSL_CONF\":\"C:\\/xampp\\/apache\\/bin\\/openssl.cnf\",\"REDIRECT_PHP_PEAR_SYSCONF_DIR\":\"\\\\xampp\\\\php\",\"REDIRECT_PHPRC\":\"\\\\xampp\\\\php\",\"REDIRECT_TMP\":\"\\\\x'),
(65, 'DUNWELL MOTOR COMPANY', NULL, '', '$2y$10$hJszLDEQIBDu.QfGPMVXAe6PDPdT12SSBEEuERbIe5Sz9ovhPlAhK', 'client', '01875 615 553', NULL, 1, 0, NULL, '', NULL, NULL, '', '2 ORMISTON ROAD', 'TRANENT', 'EAST LOTHIAN', 'EH33 2DR', 'United Kingdom', 'London', NULL, '', NULL, 'A', 'SUPPLY', '', 1, '2018-12-19 07:59:52', '::1', '{\"REDIRECT_MIBDIRS\":\"C:\\/xampp\\/php\\/extras\\/mibs\",\"REDIRECT_MYSQL_HOME\":\"\\\\xampp\\\\mysql\\\\bin\",\"REDIRECT_OPENSSL_CONF\":\"C:\\/xampp\\/apache\\/bin\\/openssl.cnf\",\"REDIRECT_PHP_PEAR_SYSCONF_DIR\":\"\\\\xampp\\\\php\",\"REDIRECT_PHPRC\":\"\\\\xampp\\\\php\",\"REDIRECT_TMP\":\"\\\\x'),
(66, 'EASY MOVE EVERYTIME LTD', NULL, '', '$2y$10$Xg8G/KQev9hpSMFQaLd4TuRJV4yrJVAjMzmrx7Pn7EOvljNqq7PXC', 'client', '0159 644 333', NULL, 1, 0, NULL, '', NULL, NULL, '', '', '', '', '', 'United Kingdom', 'London', NULL, '', NULL, 'A', 'TO LET BD', '', 1, '2018-12-19 07:59:52', '::1', '{\"REDIRECT_MIBDIRS\":\"C:\\/xampp\\/php\\/extras\\/mibs\",\"REDIRECT_MYSQL_HOME\":\"\\\\xampp\\\\mysql\\\\bin\",\"REDIRECT_OPENSSL_CONF\":\"C:\\/xampp\\/apache\\/bin\\/openssl.cnf\",\"REDIRECT_PHP_PEAR_SYSCONF_DIR\":\"\\\\xampp\\\\php\",\"REDIRECT_PHPRC\":\"\\\\xampp\\\\php\",\"REDIRECT_TMP\":\"\\\\x'),
(67, 'EDINBURGH LETTING CENTRE', NULL, 'mail@edinburghlettingcentre.com', '$2y$10$c6PE1S/dfnhxSowV1sGY1.KVEqtvvQKJUiGi8DVIp6PCbTYRb8M1S', 'client', '0131 662 8035', NULL, 1, 0, NULL, '', NULL, NULL, '', '170 DALKEITH ROAD', 'EDINBURGH', '', 'EH16 5DX', 'United Kingdom', 'London', NULL, '', NULL, 'A', 'TO LET BD', '', 1, '2018-12-19 07:59:52', '::1', '{\"REDIRECT_MIBDIRS\":\"C:\\/xampp\\/php\\/extras\\/mibs\",\"REDIRECT_MYSQL_HOME\":\"\\\\xampp\\\\mysql\\\\bin\",\"REDIRECT_OPENSSL_CONF\":\"C:\\/xampp\\/apache\\/bin\\/openssl.cnf\",\"REDIRECT_PHP_PEAR_SYSCONF_DIR\":\"\\\\xampp\\\\php\",\"REDIRECT_PHPRC\":\"\\\\xampp\\\\php\",\"REDIRECT_TMP\":\"\\\\x'),
(68, 'ELMSLIES', NULL, 'cd@elmslies.co.uk', '$2y$10$cTLIvy.Huhrt/6VzE9Vmt.zFvg.6Yl2eGa3FT4TzD.OK4.33w0YTC', 'client', '0131 225 5484', NULL, 1, 0, NULL, 'dc@elmslies.co.uk', NULL, NULL, '0131 226 3543', '44 PALMERSTON PLACE', 'EDINBURGH', '', 'EH12 5BJ', 'United Kingdom', 'London', NULL, 'UNDER FOFER STICKERS RED LETTERS THEY BUY BUNDLES FROM US', NULL, 'A', 'FSB', '', 1, '2018-12-19 07:59:52', '::1', '{\"REDIRECT_MIBDIRS\":\"C:\\/xampp\\/php\\/extras\\/mibs\",\"REDIRECT_MYSQL_HOME\":\"\\\\xampp\\\\mysql\\\\bin\",\"REDIRECT_OPENSSL_CONF\":\"C:\\/xampp\\/apache\\/bin\\/openssl.cnf\",\"REDIRECT_PHP_PEAR_SYSCONF_DIR\":\"\\\\xampp\\\\php\",\"REDIRECT_PHPRC\":\"\\\\xampp\\\\php\",\"REDIRECT_TMP\":\"\\\\x');
INSERT INTO `admins` (`id`, `username`, `gender`, `email`, `password`, `type`, `phone`, `about`, `is_active`, `is_admin`, `is_login`, `email_contact`, `company_name`, `telephone`, `fax`, `address1`, `address2`, `address3`, `postcode`, `country`, `city`, `website`, `sticker`, `job_type`, `pricing_system`, `fsb_let_bd`, `note`, `added_by`, `added_time`, `added_ip`, `server_info`) VALUES
(69, 'ELP AM FERRY ROAD', NULL, 'property@elpsolicitors.com', '$2y$10$hhgO7SarqcE0Bs3Ut3356.mf15ZCOwtL.1vRqRrjDOAsBXM/nJkSm', 'client', '0131 554 8649', NULL, 1, 0, NULL, 'lmm@elpamso;icitors.co.uk        + copy to accounts', NULL, NULL, '0131 665 7930', '98 FERRY ROAD', 'EDINBURGH', '', 'EH6 4PG', 'United Kingdom', 'London', NULL, 'SOLD RED    LETTERS', NULL, 'A', 'FSB', 'UNDER OFFER STICKERS RED LETTERS WHITE BACKGROUND', 1, '2018-12-19 07:59:52', '::1', '{\"REDIRECT_MIBDIRS\":\"C:\\/xampp\\/php\\/extras\\/mibs\",\"REDIRECT_MYSQL_HOME\":\"\\\\xampp\\\\mysql\\\\bin\",\"REDIRECT_OPENSSL_CONF\":\"C:\\/xampp\\/apache\\/bin\\/openssl.cnf\",\"REDIRECT_PHP_PEAR_SYSCONF_DIR\":\"\\\\xampp\\\\php\",\"REDIRECT_PHPRC\":\"\\\\xampp\\\\php\",\"REDIRECT_TMP\":\"\\\\x'),
(70, 'ELP AM MAIN STREET', NULL, 'enquiries@amsolicitors.com', '$2y$10$BwyAB3AB5um75mzQVhaLz.PaaTLiK./GvID9ycFPzx8Q.oatpgBja', 'client', '0131 312 7276', NULL, 1, 0, NULL, 'gk@elpamsolicitors.co.uk   + copy to accounts', NULL, NULL, '0131 312 6029', '89 MAIN STREET DAVIDSON MAINS', 'EDINBURGH', '', 'EH4 5AD', 'United Kingdom', 'London', NULL, 'UNDER OFFER RED LETTERS WHITE BACKGROUND  THEY BUY A BUNDLE FROM US', NULL, 'A', 'FSB', '', 1, '2018-12-19 07:59:52', '::1', '{\"REDIRECT_MIBDIRS\":\"C:\\/xampp\\/php\\/extras\\/mibs\",\"REDIRECT_MYSQL_HOME\":\"\\\\xampp\\\\mysql\\\\bin\",\"REDIRECT_OPENSSL_CONF\":\"C:\\/xampp\\/apache\\/bin\\/openssl.cnf\",\"REDIRECT_PHP_PEAR_SYSCONF_DIR\":\"\\\\xampp\\\\php\",\"REDIRECT_PHPRC\":\"\\\\xampp\\\\php\",\"REDIRECT_TMP\":\"\\\\x'),
(71, 'ENNOVA E A LTD', NULL, '', '$2y$10$bxi08GZqiqH852cdn1vu4euLirinTvip6H8ZohbJsAx.6G/CTiAaW', 'client', '0131 662 1234', NULL, 1, 0, NULL, '', NULL, NULL, '', '', '', '', '', 'United Kingdom', 'London', NULL, '', NULL, 'A', 'FSB', '', 1, '2018-12-19 07:59:52', '::1', '{\"REDIRECT_MIBDIRS\":\"C:\\/xampp\\/php\\/extras\\/mibs\",\"REDIRECT_MYSQL_HOME\":\"\\\\xampp\\\\mysql\\\\bin\",\"REDIRECT_OPENSSL_CONF\":\"C:\\/xampp\\/apache\\/bin\\/openssl.cnf\",\"REDIRECT_PHP_PEAR_SYSCONF_DIR\":\"\\\\xampp\\\\php\",\"REDIRECT_PHPRC\":\"\\\\xampp\\\\php\",\"REDIRECT_TMP\":\"\\\\x'),
(72, 'ESPC', NULL, 'N/A', '$2y$10$eFWVCawS743G4fIa25F0LeSVe.jxa35Oii5HMJICEr8mGnOC8RDKi', 'client', '0131 624 8000', NULL, 1, 0, NULL, 'N/A', NULL, NULL, '', '107 GEORGE STREET', 'EDINBURGH', '', 'EH2 3ES', 'United Kingdom', 'London', NULL, '', NULL, 'A', 'TO LET BDS', '', 1, '2018-12-19 07:59:52', '::1', '{\"REDIRECT_MIBDIRS\":\"C:\\/xampp\\/php\\/extras\\/mibs\",\"REDIRECT_MYSQL_HOME\":\"\\\\xampp\\\\mysql\\\\bin\",\"REDIRECT_OPENSSL_CONF\":\"C:\\/xampp\\/apache\\/bin\\/openssl.cnf\",\"REDIRECT_PHP_PEAR_SYSCONF_DIR\":\"\\\\xampp\\\\php\",\"REDIRECT_PHPRC\":\"\\\\xampp\\\\php\",\"REDIRECT_TMP\":\"\\\\x'),
(73, 'EXTRA MILE LETTING', NULL, 'chrisgladden@hotmail.co.uk', '$2y$10$oc4pju9srqAgI3Ee32ekBuPW7L9G05nl3a4aA1C/pziltVFiEuf.C', 'client', '0131 556 7814/07812 110221', NULL, 1, 0, NULL, 'cg@extramileletting.co.uk', NULL, NULL, '', '10 SOUTH ST ANDREWS STREET', 'EDINBURGH', '', 'EH2 2AZ', 'United Kingdom', 'London', NULL, '', NULL, 'A', 'TO LET BD', '', 1, '2018-12-19 07:59:52', '::1', '{\"REDIRECT_MIBDIRS\":\"C:\\/xampp\\/php\\/extras\\/mibs\",\"REDIRECT_MYSQL_HOME\":\"\\\\xampp\\\\mysql\\\\bin\",\"REDIRECT_OPENSSL_CONF\":\"C:\\/xampp\\/apache\\/bin\\/openssl.cnf\",\"REDIRECT_PHP_PEAR_SYSCONF_DIR\":\"\\\\xampp\\\\php\",\"REDIRECT_PHPRC\":\"\\\\xampp\\\\php\",\"REDIRECT_TMP\":\"\\\\x'),
(74, 'FORSYTHS', NULL, 'af@forsyths solicitors.co.uk', '$2y$10$JDBS6TBUOk1op2XAgSoGWuHtGt70B/ISj24hb832mL1xECLIK7CV.', 'client', '01620 824045', NULL, 1, 0, NULL, 'lr@forsythsolicitors.co.uk', NULL, NULL, '', '46 HIGH STREET', 'HADDINGTON', '', 'EH41 3JA', 'United Kingdom', 'London', NULL, 'UNDER OFFER STICKERS WHITE LETTERS THEY BUY FROM US (USUALLY 50 AT A TIME)', NULL, 'A', 'FSB', '', 1, '2018-12-19 07:59:52', '::1', '{\"REDIRECT_MIBDIRS\":\"C:\\/xampp\\/php\\/extras\\/mibs\",\"REDIRECT_MYSQL_HOME\":\"\\\\xampp\\\\mysql\\\\bin\",\"REDIRECT_OPENSSL_CONF\":\"C:\\/xampp\\/apache\\/bin\\/openssl.cnf\",\"REDIRECT_PHP_PEAR_SYSCONF_DIR\":\"\\\\xampp\\\\php\",\"REDIRECT_PHPRC\":\"\\\\xampp\\\\php\",\"REDIRECT_TMP\":\"\\\\x'),
(75, 'GEORGE & JAMES OLIVER', NULL, 'sgibson@gandjoliver.co.uk', '$2y$10$RyJoaXvq3tpsMx82g4OiSu.5jR.Y.6PgIL5fyeyQsycXzXYGFyDzu', 'client', '01450 372 791', NULL, 1, 0, NULL, 'sgibson@gandjoliver.co.uk', NULL, NULL, '', '13 HIGH ST', 'HAWICK', '', 'TD9 9DH', 'United Kingdom', 'London', NULL, '', NULL, 'A', 'FSB', '', 1, '2018-12-19 07:59:52', '::1', '{\"REDIRECT_MIBDIRS\":\"C:\\/xampp\\/php\\/extras\\/mibs\",\"REDIRECT_MYSQL_HOME\":\"\\\\xampp\\\\mysql\\\\bin\",\"REDIRECT_OPENSSL_CONF\":\"C:\\/xampp\\/apache\\/bin\\/openssl.cnf\",\"REDIRECT_PHP_PEAR_SYSCONF_DIR\":\"\\\\xampp\\\\php\",\"REDIRECT_PHPRC\":\"\\\\xampp\\\\php\",\"REDIRECT_TMP\":\"\\\\x'),
(76, 'CROSSVIEW PROPERTY CONSUTANTS', NULL, 'russell@gjhunter.co.uk', '$2y$10$9b/a8LAj1vdsR8U/AmKAaudCcrZe4fJlPUOMEupXxp249c1DZ1Vmm', 'client', '0131 661 3414  07776 198960', NULL, 1, 0, NULL, 'russell@gjhunter.co.uk', NULL, NULL, '0131 661 1305', '26-28 MEADOWBANK TERRACE', 'EDINBURGH', '', 'EH8 7AS', 'United Kingdom', 'London', NULL, '', NULL, 'A', 'FSB', '', 1, '2018-12-19 07:59:52', '::1', '{\"REDIRECT_MIBDIRS\":\"C:\\/xampp\\/php\\/extras\\/mibs\",\"REDIRECT_MYSQL_HOME\":\"\\\\xampp\\\\mysql\\\\bin\",\"REDIRECT_OPENSSL_CONF\":\"C:\\/xampp\\/apache\\/bin\\/openssl.cnf\",\"REDIRECT_PHP_PEAR_SYSCONF_DIR\":\"\\\\xampp\\\\php\",\"REDIRECT_PHPRC\":\"\\\\xampp\\\\php\",\"REDIRECT_TMP\":\"\\\\x'),
(77, 'GALBRAITH FIFE', NULL, '', '$2y$10$TUOQWWvxse8FhuPgsWrMfO3cRhSlkU8C54ztnE3a4lerbM3bchq2G', 'client', '01334 659 985', NULL, 1, 0, NULL, '', NULL, NULL, '', '', '', '', '', 'United Kingdom', 'London', NULL, '', NULL, 'A', 'FSB', '', 1, '2018-12-19 07:59:52', '::1', '{\"REDIRECT_MIBDIRS\":\"C:\\/xampp\\/php\\/extras\\/mibs\",\"REDIRECT_MYSQL_HOME\":\"\\\\xampp\\\\mysql\\\\bin\",\"REDIRECT_OPENSSL_CONF\":\"C:\\/xampp\\/apache\\/bin\\/openssl.cnf\",\"REDIRECT_PHP_PEAR_SYSCONF_DIR\":\"\\\\xampp\\\\php\",\"REDIRECT_PHPRC\":\"\\\\xampp\\\\php\",\"REDIRECT_TMP\":\"\\\\x'),
(78, 'GALBRAITH FI FE LETTING', NULL, '', '$2y$10$yiwINpXVEmncgPp1BqiA6umz7ft7xzI6aoXOQo2bOuaXTZ3iPBQQq', 'client', '01334 659 985', NULL, 1, 0, NULL, '', NULL, NULL, '', '', '', '', '', 'United Kingdom', 'London', NULL, '', NULL, 'A', 'TO LET', '', 1, '2018-12-19 07:59:52', '::1', '{\"REDIRECT_MIBDIRS\":\"C:\\/xampp\\/php\\/extras\\/mibs\",\"REDIRECT_MYSQL_HOME\":\"\\\\xampp\\\\mysql\\\\bin\",\"REDIRECT_OPENSSL_CONF\":\"C:\\/xampp\\/apache\\/bin\\/openssl.cnf\",\"REDIRECT_PHP_PEAR_SYSCONF_DIR\":\"\\\\xampp\\\\php\",\"REDIRECT_PHPRC\":\"\\\\xampp\\\\php\",\"REDIRECT_TMP\":\"\\\\x'),
(79, 'GIBSON KERR & CO', NULL, 'info@gibsonkerr.co.uk', '$2y$10$NvFxbjIOaY9fmQ2ElGGU4.hBJ24VrcXWhsgYQVHpz5UrTVK9.Fe5W', 'client', '0131 225 7558', NULL, 1, 0, NULL, 'info@gibsonkerr.co.uk', NULL, NULL, '0131 225 1108', '46 INDIA STREET', 'EDINBURGH', '', 'EH3 6HB', 'United Kingdom', 'London', NULL, 'SOLD STICKERS RED LETTERS THEY BUY BUNDLES FROM US', NULL, 'A', 'FSB', '', 1, '2018-12-19 07:59:52', '::1', '{\"REDIRECT_MIBDIRS\":\"C:\\/xampp\\/php\\/extras\\/mibs\",\"REDIRECT_MYSQL_HOME\":\"\\\\xampp\\\\mysql\\\\bin\",\"REDIRECT_OPENSSL_CONF\":\"C:\\/xampp\\/apache\\/bin\\/openssl.cnf\",\"REDIRECT_PHP_PEAR_SYSCONF_DIR\":\"\\\\xampp\\\\php\",\"REDIRECT_PHPRC\":\"\\\\xampp\\\\php\",\"REDIRECT_TMP\":\"\\\\x'),
(80, 'GILSON GRAY', NULL, 'cstrevens@gilsongray.co.uk', '$2y$10$JjnBifcv3WQrqGOm9Pv8Ce5GyJHoTjWj452vPJNsk7YAt5rDYUED6', 'client', '0131 516 5366', NULL, 1, 0, NULL, 'cstrevens@gilsongray.co.uk', NULL, NULL, '', '29 RUTLAND SQUARE', 'EDINBURGH', '', 'EH1 2BW', 'United Kingdom', 'London', NULL, 'FIXED PRICE STICKERS WHITE LETTERS RED BACKGROUND  UNDER OFFER STICKERS RED LETTERS ON WHITE BACKGRO', NULL, 'A', 'FSB', 'GREY POLES £1.00 EXTRA', 1, '2018-12-19 07:59:52', '::1', '{\"REDIRECT_MIBDIRS\":\"C:\\/xampp\\/php\\/extras\\/mibs\",\"REDIRECT_MYSQL_HOME\":\"\\\\xampp\\\\mysql\\\\bin\",\"REDIRECT_OPENSSL_CONF\":\"C:\\/xampp\\/apache\\/bin\\/openssl.cnf\",\"REDIRECT_PHP_PEAR_SYSCONF_DIR\":\"\\\\xampp\\\\php\",\"REDIRECT_PHPRC\":\"\\\\xampp\\\\php\",\"REDIRECT_TMP\":\"\\\\x'),
(81, 'GILSON GRAY N B', NULL, '', '$2y$10$bvayHt38NQr6yR0buV0gdeQ5osehhXepQ/zL12Ni.Dx7GO53oY/X2', 'client', '', NULL, 1, 0, NULL, '', NULL, NULL, '', '', '', '', '', 'United Kingdom', 'London', NULL, '', NULL, 'A', 'FSB', '', 1, '2018-12-19 07:59:52', '::1', '{\"REDIRECT_MIBDIRS\":\"C:\\/xampp\\/php\\/extras\\/mibs\",\"REDIRECT_MYSQL_HOME\":\"\\\\xampp\\\\mysql\\\\bin\",\"REDIRECT_OPENSSL_CONF\":\"C:\\/xampp\\/apache\\/bin\\/openssl.cnf\",\"REDIRECT_PHP_PEAR_SYSCONF_DIR\":\"\\\\xampp\\\\php\",\"REDIRECT_PHPRC\":\"\\\\xampp\\\\php\",\"REDIRECT_TMP\":\"\\\\x'),
(82, 'GILLESPIE MACANDREW', NULL, 'russell@gjhunter.co.uk', '$2y$10$UQqkSJG8UmpCGGmKLvFnQewfmbNGLpk80wASlOHwqsMSHw6Rj2l06', 'client', '0131 661 3414     07776 198960', NULL, 1, 0, NULL, '', NULL, NULL, '', '26-28 MEADOWBANK TERRACE', 'EDINBURGH', '', 'EH8 7AS', 'United Kingdom', 'London', NULL, 'UNDER OFFER STICKERS   NO PARTICULAR COLOUR AND USE OUR STOCK STICKERS', NULL, 'A', 'FSB', '', 1, '2018-12-19 07:59:52', '::1', '{\"REDIRECT_MIBDIRS\":\"C:\\/xampp\\/php\\/extras\\/mibs\",\"REDIRECT_MYSQL_HOME\":\"\\\\xampp\\\\mysql\\\\bin\",\"REDIRECT_OPENSSL_CONF\":\"C:\\/xampp\\/apache\\/bin\\/openssl.cnf\",\"REDIRECT_PHP_PEAR_SYSCONF_DIR\":\"\\\\xampp\\\\php\",\"REDIRECT_PHPRC\":\"\\\\xampp\\\\php\",\"REDIRECT_TMP\":\"\\\\x'),
(83, 'GRANGE ESTATES', NULL, 'info@grange-property.com', '$2y$10$ibb.aQsKmoPu6qGL7n3Q4Oe/DVF5W/8nkh9Jb6qUwv6HCxLSdEQLm', 'client', '0131 346 4646/ 07799 828168', NULL, 1, 0, NULL, 'sarah@grange-property.com', NULL, NULL, '0131 347 8866', '22 GREAT KING STREET', 'EDINBURGH', '', 'EH3 6QH', 'United Kingdom', 'London', NULL, 'SOLD UNDER OFFEER AND LET BY STICKERS   NO PARTICULAR COLOUR AND WE USE OUR STOCK STICKERS', NULL, 'A', 'FSB', '', 1, '2018-12-19 07:59:52', '::1', '{\"REDIRECT_MIBDIRS\":\"C:\\/xampp\\/php\\/extras\\/mibs\",\"REDIRECT_MYSQL_HOME\":\"\\\\xampp\\\\mysql\\\\bin\",\"REDIRECT_OPENSSL_CONF\":\"C:\\/xampp\\/apache\\/bin\\/openssl.cnf\",\"REDIRECT_PHP_PEAR_SYSCONF_DIR\":\"\\\\xampp\\\\php\",\"REDIRECT_PHPRC\":\"\\\\xampp\\\\php\",\"REDIRECT_TMP\":\"\\\\x'),
(84, 'GRANT HENDERSON', NULL, 'ghlimited@aol.com', '$2y$10$bWhWW1Rdq.dIdYXotq7Jy.rIins8Zj1UNrHybmJEvttw4UFTy4ytO', 'client', '07971 211165', NULL, 1, 0, NULL, 'ghlimited@aol.com', NULL, NULL, '', 'STONEFIELD HOUSE', '22 PARK ROAD', 'ESKBANK', 'EH22 3DH', 'United Kingdom', 'London', NULL, '', NULL, 'A', 'TO LET BD (USUALLY V BDS)', '', 1, '2018-12-19 07:59:52', '::1', '{\"REDIRECT_MIBDIRS\":\"C:\\/xampp\\/php\\/extras\\/mibs\",\"REDIRECT_MYSQL_HOME\":\"\\\\xampp\\\\mysql\\\\bin\",\"REDIRECT_OPENSSL_CONF\":\"C:\\/xampp\\/apache\\/bin\\/openssl.cnf\",\"REDIRECT_PHP_PEAR_SYSCONF_DIR\":\"\\\\xampp\\\\php\",\"REDIRECT_PHPRC\":\"\\\\xampp\\\\php\",\"REDIRECT_TMP\":\"\\\\x'),
(85, 'GSB LETTING', NULL, '', '$2y$10$VjkZZRF0c4oovvjBHIGLmuPF2WZDEEkcI05A13Rj1wIzYpWfkG2cK', 'client', '01620 825368', NULL, 1, 0, NULL, '', NULL, NULL, '01620 824671', '18 HARDGATE', 'HADDINGTON', 'EAST LOTHIAN', 'EH41 3JS', 'United Kingdom', 'London', NULL, 'SEE GSB PROPERTIES ENTRY', NULL, 'A', 'FSB', '', 1, '2018-12-19 07:59:52', '::1', '{\"REDIRECT_MIBDIRS\":\"C:\\/xampp\\/php\\/extras\\/mibs\",\"REDIRECT_MYSQL_HOME\":\"\\\\xampp\\\\mysql\\\\bin\",\"REDIRECT_OPENSSL_CONF\":\"C:\\/xampp\\/apache\\/bin\\/openssl.cnf\",\"REDIRECT_PHP_PEAR_SYSCONF_DIR\":\"\\\\xampp\\\\php\",\"REDIRECT_PHPRC\":\"\\\\xampp\\\\php\",\"REDIRECT_TMP\":\"\\\\x'),
(86, 'GSB PROPERTIES', NULL, 'gwhite@gsbproperties.co.uk', '$2y$10$TWbMNue2PnPPsPcUwHN9BOYOhhB/N/diG3K8.HNkqGujVSsjYnAUW', 'client', '01620 825368', NULL, 1, 0, NULL, '', NULL, NULL, '01620 824671', '18 HARDGATE', 'HADDINGTON', 'EAST LOTHIAN', 'EH41 3JS', 'United Kingdom', 'London', NULL, 'UNDER OFFER STICKERS WHITE LETTERS ON RED BACKGROUND THEY BUY BUNDLES FROM US WHICH WE KEEP HERE BUT', NULL, 'A', 'FSB', '', 1, '2018-12-19 07:59:52', '::1', '{\"REDIRECT_MIBDIRS\":\"C:\\/xampp\\/php\\/extras\\/mibs\",\"REDIRECT_MYSQL_HOME\":\"\\\\xampp\\\\mysql\\\\bin\",\"REDIRECT_OPENSSL_CONF\":\"C:\\/xampp\\/apache\\/bin\\/openssl.cnf\",\"REDIRECT_PHP_PEAR_SYSCONF_DIR\":\"\\\\xampp\\\\php\",\"REDIRECT_PHPRC\":\"\\\\xampp\\\\php\",\"REDIRECT_TMP\":\"\\\\x'),
(87, 'HADDEN RANKIN LIMITED', NULL, 'property@haddenrankin.com', '$2y$10$hws40UB/NeEobnUXsq4ntOrm86XsninyxNdgqMhekBaWhiOC7JyMW', 'client', '0131 662 1933 RESIDENTIAL', NULL, 1, 0, NULL, 'ruth.mackenzie@hrpm.com', NULL, NULL, '0131 220 5242', '1 HOPE PARK TERRACE', 'EDINBURGH', '', 'EH8 9LZ', 'United Kingdom', 'London', NULL, '', NULL, 'A', 'FSB', '', 1, '2018-12-19 07:59:52', '::1', '{\"REDIRECT_MIBDIRS\":\"C:\\/xampp\\/php\\/extras\\/mibs\",\"REDIRECT_MYSQL_HOME\":\"\\\\xampp\\\\mysql\\\\bin\",\"REDIRECT_OPENSSL_CONF\":\"C:\\/xampp\\/apache\\/bin\\/openssl.cnf\",\"REDIRECT_PHP_PEAR_SYSCONF_DIR\":\"\\\\xampp\\\\php\",\"REDIRECT_PHPRC\":\"\\\\xampp\\\\php\",\"REDIRECT_TMP\":\"\\\\x'),
(88, 'H RANKIN LETTING LIMITED', NULL, 'property@haddenrankin.com', '$2y$10$ZbhByffd3nA4mOPH4XZ6uOZ/jRf3P/YV3rW0gYU1f/M4aaMj/aRV2', 'client', '0131 220 5241 LETTING', NULL, 1, 0, NULL, 'lesley.craig@hrpm.com  (T/LET)', NULL, NULL, '0131 220 5242', '40 HOWE STREET', 'EDINBURGH', '', 'EH3 6TH', 'United Kingdom', 'London', NULL, '', NULL, 'A', 'TO LET BD', '', 1, '2018-12-19 07:59:52', '::1', '{\"REDIRECT_MIBDIRS\":\"C:\\/xampp\\/php\\/extras\\/mibs\",\"REDIRECT_MYSQL_HOME\":\"\\\\xampp\\\\mysql\\\\bin\",\"REDIRECT_OPENSSL_CONF\":\"C:\\/xampp\\/apache\\/bin\\/openssl.cnf\",\"REDIRECT_PHP_PEAR_SYSCONF_DIR\":\"\\\\xampp\\\\php\",\"REDIRECT_PHPRC\":\"\\\\xampp\\\\php\",\"REDIRECT_TMP\":\"\\\\x'),
(89, 'HASTINGS PROPERTY SHOP', NULL, 'rh@hastingslegal.co.uk', '$2y$10$x1Wz46AjvNGgioAJMdTrk.HqnSEQl1Wh55Bs/ZkUxVzkRH4LPMVfW', 'client', '01573 225 999  MOB : 07974 963 618', NULL, 1, 0, NULL, '', NULL, NULL, '', '28 THE SQUARE KELSO', '', '', 'TD5 7HH', 'United Kingdom', 'London', NULL, '', NULL, 'A', 'FSB', '', 1, '2018-12-19 07:59:52', '::1', '{\"REDIRECT_MIBDIRS\":\"C:\\/xampp\\/php\\/extras\\/mibs\",\"REDIRECT_MYSQL_HOME\":\"\\\\xampp\\\\mysql\\\\bin\",\"REDIRECT_OPENSSL_CONF\":\"C:\\/xampp\\/apache\\/bin\\/openssl.cnf\",\"REDIRECT_PHP_PEAR_SYSCONF_DIR\":\"\\\\xampp\\\\php\",\"REDIRECT_PHPRC\":\"\\\\xampp\\\\php\",\"REDIRECT_TMP\":\"\\\\x'),
(90, 'HENDERSONS', NULL, 'henderson.solicitors@virgin.net', '$2y$10$2lJJHOjfIAp/UHSUX5EoaeerwLylTGnv2D.3cjhSLsBATzqLq2MEC', 'client', '0131 477 3511', NULL, 1, 0, NULL, 'henderson.solicitors@virgin.net', NULL, NULL, '0131 477 3512', '4A NEW MART ROAD', 'EDINBURGH', '', 'EH14 1RL', 'United Kingdom', 'London', NULL, '', NULL, 'A', 'FSB', '', 1, '2018-12-19 07:59:52', '::1', '{\"REDIRECT_MIBDIRS\":\"C:\\/xampp\\/php\\/extras\\/mibs\",\"REDIRECT_MYSQL_HOME\":\"\\\\xampp\\\\mysql\\\\bin\",\"REDIRECT_OPENSSL_CONF\":\"C:\\/xampp\\/apache\\/bin\\/openssl.cnf\",\"REDIRECT_PHP_PEAR_SYSCONF_DIR\":\"\\\\xampp\\\\php\",\"REDIRECT_PHPRC\":\"\\\\xampp\\\\php\",\"REDIRECT_TMP\":\"\\\\x'),
(91, 'HOME SALES SCOTLAND', NULL, 'hello@homelettings.scot', '$2y$10$/8vdIyng4Dk56jBxrIR0kOjjJ8G4Ti1d4pEhg9UuRnS57gaHaWnKa', 'client', '0131 620 8888', NULL, 1, 0, NULL, 'accounts@homesalesandlettings.scot', NULL, NULL, '', '1 HAMILTON GARDENS\n EDINBURGH', '', '', 'EH15 1NH', 'United Kingdom', 'London', NULL, 'LET AGREED STICKERS WHITE LETTERS   THEY BUY BUNDLES FROM US', NULL, 'A', 'FSB', '', 1, '2018-12-19 07:59:52', '::1', '{\"REDIRECT_MIBDIRS\":\"C:\\/xampp\\/php\\/extras\\/mibs\",\"REDIRECT_MYSQL_HOME\":\"\\\\xampp\\\\mysql\\\\bin\",\"REDIRECT_OPENSSL_CONF\":\"C:\\/xampp\\/apache\\/bin\\/openssl.cnf\",\"REDIRECT_PHP_PEAR_SYSCONF_DIR\":\"\\\\xampp\\\\php\",\"REDIRECT_PHPRC\":\"\\\\xampp\\\\php\",\"REDIRECT_TMP\":\"\\\\x'),
(92, 'IDE LEGAL', NULL, 'partners@idelegal.com', '$2y$10$FoAYbZTJeuqNQQWTx07/HeroG5kZQ1bVTPZ3Hgaba2bT/FodcKf06', 'client', '0131 226 6062', NULL, 1, 0, NULL, 'partners@idelegal.com', NULL, NULL, '0131 225 8538', '23 MANOR PLACE', 'EDINBURGH', '', 'EH3 7XE', 'United Kingdom', 'London', NULL, '', NULL, 'A', 'FSB', '', 1, '2018-12-19 07:59:52', '::1', '{\"REDIRECT_MIBDIRS\":\"C:\\/xampp\\/php\\/extras\\/mibs\",\"REDIRECT_MYSQL_HOME\":\"\\\\xampp\\\\mysql\\\\bin\",\"REDIRECT_OPENSSL_CONF\":\"C:\\/xampp\\/apache\\/bin\\/openssl.cnf\",\"REDIRECT_PHP_PEAR_SYSCONF_DIR\":\"\\\\xampp\\\\php\",\"REDIRECT_PHPRC\":\"\\\\xampp\\\\php\",\"REDIRECT_TMP\":\"\\\\x'),
(93, 'INKSTERS', NULL, 'property@inksters.co.uk', '$2y$10$PpkQcJiHIt8l.2NIsyz93u57i/c8X/f5JIG8pWesyYsc0Q42v3K.O', 'client', '0141 229 0880', NULL, 1, 0, NULL, 'fiona@inksters.com', NULL, NULL, '0141 229 0550', 'THE EXCHANGE', '142 ST VINCENT STREET', 'GLASGOW', 'G2 5LA', 'United Kingdom', 'London', NULL, '', NULL, 'A', 'FSB', '', 1, '2018-12-19 07:59:52', '::1', '{\"REDIRECT_MIBDIRS\":\"C:\\/xampp\\/php\\/extras\\/mibs\",\"REDIRECT_MYSQL_HOME\":\"\\\\xampp\\\\mysql\\\\bin\",\"REDIRECT_OPENSSL_CONF\":\"C:\\/xampp\\/apache\\/bin\\/openssl.cnf\",\"REDIRECT_PHP_PEAR_SYSCONF_DIR\":\"\\\\xampp\\\\php\",\"REDIRECT_PHPRC\":\"\\\\xampp\\\\php\",\"REDIRECT_TMP\":\"\\\\x'),
(94, 'J D CLARK & ALLAN', NULL, 'property@jdca.co.uk', '$2y$10$pYwIRGJKl.N7G0yjjs7ytOUlBdpIxO5dKVcfYgAmLRxGu4X9kdcCy', 'client', '01361 882501', NULL, 1, 0, NULL, 'isobel.brown@jdca.co.uk', NULL, NULL, '01361 883130', 'TOLBOOTH HOUSE', 'MARKET SQUARE', 'DUNS', 'TD11 3DR', 'United Kingdom', 'London', NULL, '', NULL, 'A', 'TO LET BDS', '', 1, '2018-12-19 07:59:52', '::1', '{\"REDIRECT_MIBDIRS\":\"C:\\/xampp\\/php\\/extras\\/mibs\",\"REDIRECT_MYSQL_HOME\":\"\\\\xampp\\\\mysql\\\\bin\",\"REDIRECT_OPENSSL_CONF\":\"C:\\/xampp\\/apache\\/bin\\/openssl.cnf\",\"REDIRECT_PHP_PEAR_SYSCONF_DIR\":\"\\\\xampp\\\\php\",\"REDIRECT_PHPRC\":\"\\\\xampp\\\\php\",\"REDIRECT_TMP\":\"\\\\x'),
(95, 'JARDINE PHILLIPS', NULL, 'claire.kavanagh@jardinephillips.com    info@jardinephillips.com', '$2y$10$Ue1EucakFLmtOSH9VqmeRudxAT3YCAc7zMixZnY976fFNDpLuMIxW', 'client', '0131 446 6850', NULL, 1, 0, NULL, 'Gordon.phillips@jardinephillips.com', NULL, NULL, '0131 446 6859', '205 MORNINGSIDE ROAD', 'EDINBURGH', '', 'EH10 4QP', 'United Kingdom', 'London', NULL, 'UNDER OFFER  WHITE LETTERS RED BACK GROUND OWN OVERPLATES  SOLD OWN OVERPLATES WHITE LETTERS RED BAC', NULL, 'A', 'FSB', '', 1, '2018-12-19 07:59:52', '::1', '{\"REDIRECT_MIBDIRS\":\"C:\\/xampp\\/php\\/extras\\/mibs\",\"REDIRECT_MYSQL_HOME\":\"\\\\xampp\\\\mysql\\\\bin\",\"REDIRECT_OPENSSL_CONF\":\"C:\\/xampp\\/apache\\/bin\\/openssl.cnf\",\"REDIRECT_PHP_PEAR_SYSCONF_DIR\":\"\\\\xampp\\\\php\",\"REDIRECT_PHPRC\":\"\\\\xampp\\\\php\",\"REDIRECT_TMP\":\"\\\\x'),
(96, 'JEFF GIBSON ASSOCIATES', NULL, 'jgibson@jgibsonassociates.co.uk', '$2y$10$WFVWyT0mMGZ66dHmFtZfpuFfk8V1uJd9voJjHzJtVCFacmhbeUdCe', 'client', '0131 260 9994', NULL, 1, 0, NULL, '', NULL, NULL, '', '45 FREDRICK STREET', 'EDINBURGH', '', 'EH2 1ES', 'United Kingdom', 'London', NULL, '', NULL, 'A', 'FSB', 'NOW CALLED ARD GIBSON', 1, '2018-12-19 07:59:52', '::1', '{\"REDIRECT_MIBDIRS\":\"C:\\/xampp\\/php\\/extras\\/mibs\",\"REDIRECT_MYSQL_HOME\":\"\\\\xampp\\\\mysql\\\\bin\",\"REDIRECT_OPENSSL_CONF\":\"C:\\/xampp\\/apache\\/bin\\/openssl.cnf\",\"REDIRECT_PHP_PEAR_SYSCONF_DIR\":\"\\\\xampp\\\\php\",\"REDIRECT_PHPRC\":\"\\\\xampp\\\\php\",\"REDIRECT_TMP\":\"\\\\x'),
(97, 'JG WILSON KINROSS', NULL, 'm.peebles@jgwilson.co.uk', '$2y$10$Elslo2DMuyr5zgEIE2n2ke.HW8eCuTRjHV0XG/wpJMo/UGOmK7IeS', 'client', '01577 862302', NULL, 1, 0, NULL, 'cashier@jgwilson.co.uk', NULL, NULL, '01577 864591', '18 HIGH STREET', 'KINROSS', '', 'KY13 8AN', 'United Kingdom', 'London', NULL, '', NULL, 'A', 'FSB', '', 1, '2018-12-19 07:59:52', '::1', '{\"REDIRECT_MIBDIRS\":\"C:\\/xampp\\/php\\/extras\\/mibs\",\"REDIRECT_MYSQL_HOME\":\"\\\\xampp\\\\mysql\\\\bin\",\"REDIRECT_OPENSSL_CONF\":\"C:\\/xampp\\/apache\\/bin\\/openssl.cnf\",\"REDIRECT_PHP_PEAR_SYSCONF_DIR\":\"\\\\xampp\\\\php\",\"REDIRECT_PHPRC\":\"\\\\xampp\\\\php\",\"REDIRECT_TMP\":\"\\\\x'),
(98, 'JOHNSON LEGAL', NULL, 'david@johnsonlegal.co.uk', '$2y$10$cb53yGOAvzbUPuGc/F2SSedLEqdGwHr56WmxnaXKR6iXNALKHtO1W', 'client', '0131 622 9222', NULL, 1, 0, NULL, 'lynned@davidjohnson.co.uk', NULL, NULL, '0131 622 7922', '22A RUTLAND SQUARE (PROPERTY DEPT. IS AT 1A LYNDOCH PLACE)', 'EDINBURGH', '', 'EH1 2BB', 'United Kingdom', 'London', NULL, 'sold subject red letters white background', NULL, 'A', 'FSB', 'SPECIAL STKRS', 1, '2018-12-19 07:59:52', '::1', '{\"REDIRECT_MIBDIRS\":\"C:\\/xampp\\/php\\/extras\\/mibs\",\"REDIRECT_MYSQL_HOME\":\"\\\\xampp\\\\mysql\\\\bin\",\"REDIRECT_OPENSSL_CONF\":\"C:\\/xampp\\/apache\\/bin\\/openssl.cnf\",\"REDIRECT_PHP_PEAR_SYSCONF_DIR\":\"\\\\xampp\\\\php\",\"REDIRECT_PHPRC\":\"\\\\xampp\\\\php\",\"REDIRECT_TMP\":\"\\\\x'),
(99, 'KNIGHT FRANK KF & R LTD LAUDER', NULL, 'linda.rogersonknightfrank.com', '$2y$10$VBhKDkqzFh1thNI3C5RpluSM3.jrlmqdWFZ0lef5juW0rVrM72ENW', 'client', '01578 722814', NULL, 1, 0, NULL, 'linda.rogersonknightfrank.com', NULL, NULL, '01578 722815', 'BANK HOUSE', '1 EAST HIGH STREET', 'LAUDER', 'TD2 6SS', 'United Kingdom', 'London', NULL, '', NULL, 'A', 'SUPPLY', '', 1, '2018-12-19 07:59:52', '::1', '{\"REDIRECT_MIBDIRS\":\"C:\\/xampp\\/php\\/extras\\/mibs\",\"REDIRECT_MYSQL_HOME\":\"\\\\xampp\\\\mysql\\\\bin\",\"REDIRECT_OPENSSL_CONF\":\"C:\\/xampp\\/apache\\/bin\\/openssl.cnf\",\"REDIRECT_PHP_PEAR_SYSCONF_DIR\":\"\\\\xampp\\\\php\",\"REDIRECT_PHPRC\":\"\\\\xampp\\\\php\",\"REDIRECT_TMP\":\"\\\\x'),
(100, 'KNIGHT FRANK   LLP', NULL, 'charlotte@knightfrank.com', '$2y$10$kiHqhJtmASMz/emYJC30peLrGtHPdkJg0nz3jcW8Hhw7fPKp.6pw6', 'client', '0131 222 9600', NULL, 1, 0, NULL, 'bryan.geary@knightfrank.com', NULL, NULL, '0121 222 9639', '55 BAKER STREET', 'LONDON', '', 'W1U 8AN', 'United Kingdom', 'London', NULL, 'OWN OVERPLATES BOTH UNDER OFFER AND SOLD WHITE LETTERS ON GREEN BACKGROUND', NULL, 'A', 'FSB', '80 QUEENS STREET IF OFFICE ADDRESS, GREEN POLES NO ADDITIOANL CHARGE APPLICABLE', 1, '2018-12-19 07:59:52', '::1', '{\"REDIRECT_MIBDIRS\":\"C:\\/xampp\\/php\\/extras\\/mibs\",\"REDIRECT_MYSQL_HOME\":\"\\\\xampp\\\\mysql\\\\bin\",\"REDIRECT_OPENSSL_CONF\":\"C:\\/xampp\\/apache\\/bin\\/openssl.cnf\",\"REDIRECT_PHP_PEAR_SYSCONF_DIR\":\"\\\\xampp\\\\php\",\"REDIRECT_PHPRC\":\"\\\\xampp\\\\php\",\"REDIRECT_TMP\":\"\\\\x'),
(101, 'LAIDLAW LETTINGS', NULL, 'susan@laidlawlettings.co.uk', '$2y$10$L1U0fA.qJJeQSCWpduhrO.DrTZ5L2UunFSMA/VbligxegWBEq4n26', 'client', '01875 702 071', NULL, 1, 0, NULL, 'susan@laidlawlettings.co.uk', NULL, NULL, '', '', '', '', '', 'United Kingdom', 'London', NULL, '', NULL, 'A', 'TOLET', '', 1, '2018-12-19 07:59:52', '::1', '{\"REDIRECT_MIBDIRS\":\"C:\\/xampp\\/php\\/extras\\/mibs\",\"REDIRECT_MYSQL_HOME\":\"\\\\xampp\\\\mysql\\\\bin\",\"REDIRECT_OPENSSL_CONF\":\"C:\\/xampp\\/apache\\/bin\\/openssl.cnf\",\"REDIRECT_PHP_PEAR_SYSCONF_DIR\":\"\\\\xampp\\\\php\",\"REDIRECT_PHPRC\":\"\\\\xampp\\\\php\",\"REDIRECT_TMP\":\"\\\\x'),
(102, 'LAWRIE ESTATE AGENTS', NULL, '', '$2y$10$6auVa8FGC/QgwZC9TnqM3.x.nr5YUCAR5bXI5ng1pmpUljP1.zG4S', 'client', '', NULL, 1, 0, NULL, '', NULL, NULL, '', '', '', '', '', 'United Kingdom', 'London', NULL, '', NULL, 'A', 'FSB', '', 1, '2018-12-19 07:59:52', '::1', '{\"REDIRECT_MIBDIRS\":\"C:\\/xampp\\/php\\/extras\\/mibs\",\"REDIRECT_MYSQL_HOME\":\"\\\\xampp\\\\mysql\\\\bin\",\"REDIRECT_OPENSSL_CONF\":\"C:\\/xampp\\/apache\\/bin\\/openssl.cnf\",\"REDIRECT_PHP_PEAR_SYSCONF_DIR\":\"\\\\xampp\\\\php\",\"REDIRECT_PHPRC\":\"\\\\xampp\\\\php\",\"REDIRECT_TMP\":\"\\\\x'),
(103, 'LESLIE & CO', NULL, 'iain@leslieandco.co.uk', '$2y$10$YLq0m.Qr5z0/vqfECo/Fde4BN1kRSMJnq1JbEBq/d6me4V4xmvzB.', 'client', '0131-447 8182', NULL, 1, 0, NULL, 'mail@leslieand co.co.uk (mark fao sandra astles)', NULL, NULL, '', 'BLACKROCK HOUSE', '2-8 MILLAR CRESCENT', 'EDINBURGH', 'EH10 5HW', 'United Kingdom', 'London', NULL, '', NULL, 'A', 'FSB', '', 1, '2018-12-19 07:59:52', '::1', '{\"REDIRECT_MIBDIRS\":\"C:\\/xampp\\/php\\/extras\\/mibs\",\"REDIRECT_MYSQL_HOME\":\"\\\\xampp\\\\mysql\\\\bin\",\"REDIRECT_OPENSSL_CONF\":\"C:\\/xampp\\/apache\\/bin\\/openssl.cnf\",\"REDIRECT_PHP_PEAR_SYSCONF_DIR\":\"\\\\xampp\\\\php\",\"REDIRECT_PHPRC\":\"\\\\xampp\\\\php\",\"REDIRECT_TMP\":\"\\\\x'),
(104, 'LITTLEJOHNS', NULL, 'gillian@littlejohns.ltd.uk / enq@littlejohns.ltd.uk', '$2y$10$cSeufb4OGoABUDc8nOqQ3.QRhFo0oFgQboP8eH6YO66em1XUR2Rb6', 'client', '0131 228 3535', NULL, 1, 0, NULL, 'lynseyh@littlejohns.ltd.uk    c/c accounts@littlejohns.ltd.uk', NULL, NULL, '0131 228 8053', '115 LAURISTON PLACE', 'EDINBURGH', '', 'EH3 9JG', 'United Kingdom', 'London', NULL, '', NULL, 'A', 'TO LET BD', '', 1, '2018-12-19 07:59:52', '::1', '{\"REDIRECT_MIBDIRS\":\"C:\\/xampp\\/php\\/extras\\/mibs\",\"REDIRECT_MYSQL_HOME\":\"\\\\xampp\\\\mysql\\\\bin\",\"REDIRECT_OPENSSL_CONF\":\"C:\\/xampp\\/apache\\/bin\\/openssl.cnf\",\"REDIRECT_PHP_PEAR_SYSCONF_DIR\":\"\\\\xampp\\\\php\",\"REDIRECT_PHPRC\":\"\\\\xampp\\\\php\",\"REDIRECT_TMP\":\"\\\\x'),
(105, 'LYNCH & CO', NULL, '', '$2y$10$nWdL5f.cB.gKg/hkKdRR3OiP9tY1cT58Wn1WKp/tg4dBqa3rpLNb6', 'client', '0141 664 9552', NULL, 1, 0, NULL, '', NULL, NULL, '', '15/17 CARMUNOCK ROAD', 'GLASGOW', '', 'G44 4PZ', 'United Kingdom', 'London', NULL, '', NULL, 'A', 'FSB', '', 1, '2018-12-19 07:59:52', '::1', '{\"REDIRECT_MIBDIRS\":\"C:\\/xampp\\/php\\/extras\\/mibs\",\"REDIRECT_MYSQL_HOME\":\"\\\\xampp\\\\mysql\\\\bin\",\"REDIRECT_OPENSSL_CONF\":\"C:\\/xampp\\/apache\\/bin\\/openssl.cnf\",\"REDIRECT_PHP_PEAR_SYSCONF_DIR\":\"\\\\xampp\\\\php\",\"REDIRECT_PHPRC\":\"\\\\xampp\\\\php\",\"REDIRECT_TMP\":\"\\\\x'),
(106, 'MILLER BECKETT JACKSON', NULL, 'mail@millerbj.co.uk', '$2y$10$vNRdOlsS0CJFm8BK3z8OTemFLu1qdoXMIYL9c62YrTu9wg9ITO.7.', 'client', '0141 204 2833', NULL, 1, 0, NULL, 'mail@millerbj.co.uk', NULL, NULL, '0141 221 6349', '190 ST VINCENT STREET', 'GLASGOW', '', 'G2 5SP', 'United Kingdom', 'London', NULL, 'UNDER OFFER STICKERS RED LETTERS WHITE BACKGROUND', NULL, 'A', 'FSB', '', 1, '2018-12-19 07:59:52', '::1', '{\"REDIRECT_MIBDIRS\":\"C:\\/xampp\\/php\\/extras\\/mibs\",\"REDIRECT_MYSQL_HOME\":\"\\\\xampp\\\\mysql\\\\bin\",\"REDIRECT_OPENSSL_CONF\":\"C:\\/xampp\\/apache\\/bin\\/openssl.cnf\",\"REDIRECT_PHP_PEAR_SYSCONF_DIR\":\"\\\\xampp\\\\php\",\"REDIRECT_PHPRC\":\"\\\\xampp\\\\php\",\"REDIRECT_TMP\":\"\\\\x'),
(107, 'MURRAY BEITH MURRAY', NULL, 'mbm@murraybeith.co.uk /   heather.archibald@murraybeith.co.uk', '$2y$10$XGhYOfjrVH8JjM0p18dkce4VbJek6CPoh1UMvHcT3MWpHcBpwtNKm', 'client', '0131 225 1200', NULL, 1, 0, NULL, 'jennifer.anderson@murraybeith.co.uk', NULL, NULL, '0131 225 9212', '3 GLENFINLAS STREET', 'EDINBURGH', '', 'EH3 6AQ', 'United Kingdom', 'London', NULL, 'UNDER OFFER STICKERS WHITE BACKGROUND RED LETTERS  THEY BUY BUNDLES FROM US', NULL, 'A', 'FSB', 'SPECIAL STKRS', 1, '2018-12-19 07:59:52', '::1', '{\"REDIRECT_MIBDIRS\":\"C:\\/xampp\\/php\\/extras\\/mibs\",\"REDIRECT_MYSQL_HOME\":\"\\\\xampp\\\\mysql\\\\bin\",\"REDIRECT_OPENSSL_CONF\":\"C:\\/xampp\\/apache\\/bin\\/openssl.cnf\",\"REDIRECT_PHP_PEAR_SYSCONF_DIR\":\"\\\\xampp\\\\php\",\"REDIRECT_PHPRC\":\"\\\\xampp\\\\php\",\"REDIRECT_TMP\":\"\\\\x'),
(108, 'MORGAN CUNNINGHAM', NULL, 'info@morgancunningham.com', '$2y$10$3CCRohG9WSGiJ5AFfKl12.wXJ/lOLvAH9LxcvrfPtNDkiaq30V/lm', 'client', '0131 623 9323', NULL, 1, 0, NULL, 'info@morgancunningham.com', NULL, NULL, '0131 623 9322', '10A CASTLE TERRACE', 'EDINBURGH', '', 'EH1 2DP', 'United Kingdom', 'London', NULL, '', NULL, 'A', 'FSB', 'DO NOT OPEN UNTIL 10.00', 1, '2018-12-19 07:59:52', '::1', '{\"REDIRECT_MIBDIRS\":\"C:\\/xampp\\/php\\/extras\\/mibs\",\"REDIRECT_MYSQL_HOME\":\"\\\\xampp\\\\mysql\\\\bin\",\"REDIRECT_OPENSSL_CONF\":\"C:\\/xampp\\/apache\\/bin\\/openssl.cnf\",\"REDIRECT_PHP_PEAR_SYSCONF_DIR\":\"\\\\xampp\\\\php\",\"REDIRECT_PHPRC\":\"\\\\xampp\\\\php\",\"REDIRECT_TMP\":\"\\\\x'),
(109, 'MCKINNON FORBES', NULL, 'info@mckinnonforbes.co.uk', '$2y$10$ab5R1704Iml1ckvQNcljwOJBM395ulBjRyUlNgVaOsUbLgM3jZdrW', 'client', '01875 611211', NULL, 1, 0, NULL, 'info@mckinnonforbes.co.uk', NULL, NULL, '01875 612565', '54 HIGH STREET', 'TRANENT', '', 'EH33 1HH', 'United Kingdom', 'London', NULL, 'SOLD SUB STICKERS WHITE LETTERS ON BLACK BACKGROUND   THEY BUY BUNDLES FROM US   WE NEVER APPLY THEM', NULL, 'A', 'FSB', '', 1, '2018-12-19 07:59:52', '::1', '{\"REDIRECT_MIBDIRS\":\"C:\\/xampp\\/php\\/extras\\/mibs\",\"REDIRECT_MYSQL_HOME\":\"\\\\xampp\\\\mysql\\\\bin\",\"REDIRECT_OPENSSL_CONF\":\"C:\\/xampp\\/apache\\/bin\\/openssl.cnf\",\"REDIRECT_PHP_PEAR_SYSCONF_DIR\":\"\\\\xampp\\\\php\",\"REDIRECT_PHPRC\":\"\\\\xampp\\\\php\",\"REDIRECT_TMP\":\"\\\\x'),
(110, 'MARTIN GRAY', NULL, 'lpc142@aol.com', '$2y$10$oIgavHY7La5edm7QwobAE..2Z5mZWRT/YZ1dQmMEB1qLtDsZhD3ae', 'client', '01875 821960', NULL, 1, 0, NULL, 'lpc142@aol.com', NULL, NULL, '01875 822827', '26 MAIN STREET', 'GOREBRIDGE', '', 'EH23 4BY', 'United Kingdom', 'London', NULL, '', NULL, 'A', 'FSB', 'NO LONGER EXIST', 1, '2018-12-19 07:59:52', '::1', '{\"REDIRECT_MIBDIRS\":\"C:\\/xampp\\/php\\/extras\\/mibs\",\"REDIRECT_MYSQL_HOME\":\"\\\\xampp\\\\mysql\\\\bin\",\"REDIRECT_OPENSSL_CONF\":\"C:\\/xampp\\/apache\\/bin\\/openssl.cnf\",\"REDIRECT_PHP_PEAR_SYSCONF_DIR\":\"\\\\xampp\\\\php\",\"REDIRECT_PHPRC\":\"\\\\xampp\\\\php\",\"REDIRECT_TMP\":\"\\\\x'),
(111, 'MURRAY SNELL', NULL, '', '$2y$10$crty7HbbxrWW/JIifJSsOuNe6lBAzTasfp4DjECGu5zeiOh9bwgFi', 'client', '0131 625 6625', NULL, 1, 0, NULL, '', NULL, NULL, '', '40 NORTH CASTLE STREET', 'EDINBURGH', '', 'EH2 3NB', 'United Kingdom', 'London', NULL, '', NULL, 'A', 'FSB', '', 1, '2018-12-19 07:59:52', '::1', '{\"REDIRECT_MIBDIRS\":\"C:\\/xampp\\/php\\/extras\\/mibs\",\"REDIRECT_MYSQL_HOME\":\"\\\\xampp\\\\mysql\\\\bin\",\"REDIRECT_OPENSSL_CONF\":\"C:\\/xampp\\/apache\\/bin\\/openssl.cnf\",\"REDIRECT_PHP_PEAR_SYSCONF_DIR\":\"\\\\xampp\\\\php\",\"REDIRECT_PHPRC\":\"\\\\xampp\\\\php\",\"REDIRECT_TMP\":\"\\\\x'),
(112, 'MALOCO & ASSOCIATES LTD', NULL, '', '$2y$10$p1dvVice5lqiU7/vBodBvuuLCdwK5Z0Tjuo.p2t3Tr0Y2k2vU4ifa', 'client', '01383 629720   01383 629724 MARIE (DIRECT DIAL FOR PROPERTY)', NULL, 1, 0, NULL, '', NULL, NULL, '01383 621333', '6-8 BONNAR STREET', 'DUNFERMLINE', 'FIFE', 'KY12 7JR', 'United Kingdom', 'London', NULL, 'WHITE LETTERS ON BLACK SOLD SUBJECT OWN OVERPLATES', NULL, 'A', 'FSB', '', 1, '2018-12-19 07:59:52', '::1', '{\"REDIRECT_MIBDIRS\":\"C:\\/xampp\\/php\\/extras\\/mibs\",\"REDIRECT_MYSQL_HOME\":\"\\\\xampp\\\\mysql\\\\bin\",\"REDIRECT_OPENSSL_CONF\":\"C:\\/xampp\\/apache\\/bin\\/openssl.cnf\",\"REDIRECT_PHP_PEAR_SYSCONF_DIR\":\"\\\\xampp\\\\php\",\"REDIRECT_PHPRC\":\"\\\\xampp\\\\php\",\"REDIRECT_TMP\":\"\\\\x'),
(113, 'MALOCO & ASSOCIATES LTD LETTING', NULL, 'aileen@maloco.co.uk       enquiries_dunfermline@maloco.co.uk', '$2y$10$jQc56CeHht.uEKvHrIdzfesJyUwp1l7SCrTIrnrw1klAND1VUnWpa', 'client', '01383 629720  01383 629724 MARIE (DIRECT DIAL FOR PROPERTY)', NULL, 1, 0, NULL, 'aileen@maloco.co.uk', NULL, NULL, '01383 621333', '6-8 BONNAR STREET', 'DUNFERMLINE', 'FIFE', 'KY12 7JR', 'United Kingdom', 'London', NULL, 'LET AGREED OVERPLATES OWN OVERPLATES BLACK WITH WHITE LETTERS', NULL, 'A', 'TO LET BDS', '', 1, '2018-12-19 07:59:52', '::1', '{\"REDIRECT_MIBDIRS\":\"C:\\/xampp\\/php\\/extras\\/mibs\",\"REDIRECT_MYSQL_HOME\":\"\\\\xampp\\\\mysql\\\\bin\",\"REDIRECT_OPENSSL_CONF\":\"C:\\/xampp\\/apache\\/bin\\/openssl.cnf\",\"REDIRECT_PHP_PEAR_SYSCONF_DIR\":\"\\\\xampp\\\\php\",\"REDIRECT_PHPRC\":\"\\\\xampp\\\\php\",\"REDIRECT_TMP\":\"\\\\x'),
(114, 'MARCHSIDE', NULL, 'admin@marchside.co.uk', '$2y$10$v42eLjXXzyg53tANxCyX5eJ17NemfxLi7OYfklEotBIM.PzpQf9vu', 'client', '0131 447 3738/0131 513 9754', NULL, 1, 0, NULL, '', NULL, NULL, '', '386 MORNINGSIDE ROAD', '', 'EDINBURGH', 'EH10 5HX', 'United Kingdom', 'London', NULL, '', NULL, 'A', 'TO LET BDS', '', 1, '2018-12-19 07:59:52', '::1', '{\"REDIRECT_MIBDIRS\":\"C:\\/xampp\\/php\\/extras\\/mibs\",\"REDIRECT_MYSQL_HOME\":\"\\\\xampp\\\\mysql\\\\bin\",\"REDIRECT_OPENSSL_CONF\":\"C:\\/xampp\\/apache\\/bin\\/openssl.cnf\",\"REDIRECT_PHP_PEAR_SYSCONF_DIR\":\"\\\\xampp\\\\php\",\"REDIRECT_PHPRC\":\"\\\\xampp\\\\php\",\"REDIRECT_TMP\":\"\\\\x'),
(115, 'MATRIIX  PROPERTY MANAGEMENT LTD', NULL, 'office@matriix.com', '$2y$10$oiZA.QzYXv1lCDIWncU12OofCVcSS/yqcgOfJtACYVx2jBya3Pfwu', 'client', '0131 564 0141       07973 304920', NULL, 1, 0, NULL, 'accounts@matriix.com', NULL, NULL, '', '132 ST STEPHEN STREET', 'EDINBURGH', '', 'EH3 5AA', 'United Kingdom', 'London', NULL, 'NOW LET LAND LORDS WANTED RED LETTERS', NULL, 'A', 'TO LET BD', '', 1, '2018-12-19 07:59:52', '::1', '{\"REDIRECT_MIBDIRS\":\"C:\\/xampp\\/php\\/extras\\/mibs\",\"REDIRECT_MYSQL_HOME\":\"\\\\xampp\\\\mysql\\\\bin\",\"REDIRECT_OPENSSL_CONF\":\"C:\\/xampp\\/apache\\/bin\\/openssl.cnf\",\"REDIRECT_PHP_PEAR_SYSCONF_DIR\":\"\\\\xampp\\\\php\",\"REDIRECT_PHPRC\":\"\\\\xampp\\\\php\",\"REDIRECT_TMP\":\"\\\\x'),
(116, 'MCINTYRES', NULL, 'property@mcintyresproperty.co.uk', '$2y$10$gXXHYSUrzx5Zo3nJAuKi1..NEEvbnZgd/aOjsQ/DZACPxA.WB54QK', 'client', '0131 669 7218', NULL, 1, 0, NULL, 'property@mcintyresproperty.co.uk', NULL, NULL, '0131 669 8352', '159  HIGH STREET', 'PORTOBELLO', 'EDINBURGH', 'EH15 1AH', 'United Kingdom', 'London', NULL, '', NULL, 'A', 'FSB', '', 1, '2018-12-19 07:59:52', '::1', '{\"REDIRECT_MIBDIRS\":\"C:\\/xampp\\/php\\/extras\\/mibs\",\"REDIRECT_MYSQL_HOME\":\"\\\\xampp\\\\mysql\\\\bin\",\"REDIRECT_OPENSSL_CONF\":\"C:\\/xampp\\/apache\\/bin\\/openssl.cnf\",\"REDIRECT_PHP_PEAR_SYSCONF_DIR\":\"\\\\xampp\\\\php\",\"REDIRECT_PHPRC\":\"\\\\xampp\\\\php\",\"REDIRECT_TMP\":\"\\\\x'),
(117, 'MCKAY SINCLAIR', NULL, '', '$2y$10$YICsOec.rztwjNPTI6xZo.x3lrYH3Cq50SqRtwM.FA4MbuMOsd9Xy', 'client', '0131 652 1166', NULL, 1, 0, NULL, '', NULL, NULL, '0131 652 1199', '11-15 EASTER ROAD', 'EDINBURGH', '', 'EH7 5PJ', 'United Kingdom', 'London', NULL, '', NULL, 'A', 'FSB', '', 1, '2018-12-19 07:59:52', '::1', '{\"REDIRECT_MIBDIRS\":\"C:\\/xampp\\/php\\/extras\\/mibs\",\"REDIRECT_MYSQL_HOME\":\"\\\\xampp\\\\mysql\\\\bin\",\"REDIRECT_OPENSSL_CONF\":\"C:\\/xampp\\/apache\\/bin\\/openssl.cnf\",\"REDIRECT_PHP_PEAR_SYSCONF_DIR\":\"\\\\xampp\\\\php\",\"REDIRECT_PHPRC\":\"\\\\xampp\\\\php\",\"REDIRECT_TMP\":\"\\\\x'),
(118, 'MCKENZIES', NULL, '', '$2y$10$5jt7SjzCQqw5oN9iW76SyOP2Ku7HLDf4BxGIuWLl1VUFkMLjDr3lK', 'client', '01592 206605', NULL, 1, 0, NULL, '', NULL, NULL, '01592 268803', '26 EAST FERGUS PLACE\n KIRKCALDY', '', '', 'KY1 1XT', 'United Kingdom', 'London', NULL, '', NULL, 'A', 'FSB', '', 1, '2018-12-19 07:59:52', '::1', '{\"REDIRECT_MIBDIRS\":\"C:\\/xampp\\/php\\/extras\\/mibs\",\"REDIRECT_MYSQL_HOME\":\"\\\\xampp\\\\mysql\\\\bin\",\"REDIRECT_OPENSSL_CONF\":\"C:\\/xampp\\/apache\\/bin\\/openssl.cnf\",\"REDIRECT_PHP_PEAR_SYSCONF_DIR\":\"\\\\xampp\\\\php\",\"REDIRECT_PHPRC\":\"\\\\xampp\\\\php\",\"REDIRECT_TMP\":\"\\\\x'),
(119, 'MKM ESTATE AGENTS LTD', NULL, '', '$2y$10$JMk2XRKqVhL97bH/hvqa1uVTpTaIvlzrmeFChUe6qi/vv97yJN3LC', 'client', '01236 441 120', NULL, 1, 0, NULL, '', NULL, NULL, '', '', '', '', '', 'United Kingdom', 'London', NULL, '', NULL, 'A', 'FSB', '', 1, '2018-12-19 07:59:52', '::1', '{\"REDIRECT_MIBDIRS\":\"C:\\/xampp\\/php\\/extras\\/mibs\",\"REDIRECT_MYSQL_HOME\":\"\\\\xampp\\\\mysql\\\\bin\",\"REDIRECT_OPENSSL_CONF\":\"C:\\/xampp\\/apache\\/bin\\/openssl.cnf\",\"REDIRECT_PHP_PEAR_SYSCONF_DIR\":\"\\\\xampp\\\\php\",\"REDIRECT_PHPRC\":\"\\\\xampp\\\\php\",\"REDIRECT_TMP\":\"\\\\x'),
(120, 'MILARDS', NULL, '', '$2y$10$YjYEt.Tl.Z0OK/2KYk0B6.Ike8POTH14GL0iSU6YlP1jPiPX79mO6', 'client', '07455 014 050', NULL, 1, 0, NULL, '', NULL, NULL, '0131 235 2391', 'GGRAT MICHAEL HOUSE 14 LINKD PLACE', 'EDINBURGH', '', 'EH6 7EL', 'United Kingdom', 'London', NULL, '', NULL, 'A', 'TO LET BD', '', 1, '2018-12-19 07:59:52', '::1', '{\"REDIRECT_MIBDIRS\":\"C:\\/xampp\\/php\\/extras\\/mibs\",\"REDIRECT_MYSQL_HOME\":\"\\\\xampp\\\\mysql\\\\bin\",\"REDIRECT_OPENSSL_CONF\":\"C:\\/xampp\\/apache\\/bin\\/openssl.cnf\",\"REDIRECT_PHP_PEAR_SYSCONF_DIR\":\"\\\\xampp\\\\php\",\"REDIRECT_PHPRC\":\"\\\\xampp\\\\php\",\"REDIRECT_TMP\":\"\\\\x'),
(121, 'MILLENIUM MOTORS', NULL, '', '$2y$10$Ump17tiSg3UArLQ3HVGvuexx1PyX5Xr0QX27Tim5lnqeVEGzV7sOC', 'client', '0131 538 7070', NULL, 1, 0, NULL, '', NULL, NULL, '', '394 FERRY ROAD', '', 'EDINBURGH', 'EH5 3QG', 'United Kingdom', 'London', NULL, '', NULL, 'A', 'SUPPLY', '', 1, '2018-12-19 07:59:52', '::1', '{\"REDIRECT_MIBDIRS\":\"C:\\/xampp\\/php\\/extras\\/mibs\",\"REDIRECT_MYSQL_HOME\":\"\\\\xampp\\\\mysql\\\\bin\",\"REDIRECT_OPENSSL_CONF\":\"C:\\/xampp\\/apache\\/bin\\/openssl.cnf\",\"REDIRECT_PHP_PEAR_SYSCONF_DIR\":\"\\\\xampp\\\\php\",\"REDIRECT_PHPRC\":\"\\\\xampp\\\\php\",\"REDIRECT_TMP\":\"\\\\x'),
(122, 'MILLENNIUM COMMERCIAL', NULL, '', '$2y$10$teY5.kYko8SorKKp14r6eufPBlgi0A2vA5IlJLFW2e0TxTSFaEc.G', 'client', '0131 657 5700', NULL, 1, 0, NULL, '', NULL, NULL, '', 'UNIT 5 NEWHAILS INDUSTRIAL ESTATE', 'MUSSELBURGH', '', 'EH21', 'United Kingdom', 'London', NULL, '', NULL, 'A', 'SUPPLY', '', 1, '2018-12-19 07:59:52', '::1', '{\"REDIRECT_MIBDIRS\":\"C:\\/xampp\\/php\\/extras\\/mibs\",\"REDIRECT_MYSQL_HOME\":\"\\\\xampp\\\\mysql\\\\bin\",\"REDIRECT_OPENSSL_CONF\":\"C:\\/xampp\\/apache\\/bin\\/openssl.cnf\",\"REDIRECT_PHP_PEAR_SYSCONF_DIR\":\"\\\\xampp\\\\php\",\"REDIRECT_PHPRC\":\"\\\\xampp\\\\php\",\"REDIRECT_TMP\":\"\\\\x'),
(123, 'MMM 1928  LIMITED', NULL, 'gill@annan.co.uk', '$2y$10$/L2Guqvx8iZsJQJjUAmAeOubiowAjlQwHDW/49jROjbfsjZGFCCOK', 'client', '0131 669 2121   MUSSELBURGH OFFICE 665 8080', NULL, 1, 0, NULL, 'admin@annanproperty.co.uk', NULL, NULL, '0131 669 1100', '229 HIGH STREET', 'PORTOBELLO', 'EDINBURGH', 'EH15 2AN', 'United Kingdom', 'London', NULL, 'THEY HAVE BOUGHT THEIR OWN SOLD STICKERS AND APPLY THEMSELVES', NULL, 'A', 'FSB', '', 1, '2018-12-19 07:59:52', '::1', '{\"REDIRECT_MIBDIRS\":\"C:\\/xampp\\/php\\/extras\\/mibs\",\"REDIRECT_MYSQL_HOME\":\"\\\\xampp\\\\mysql\\\\bin\",\"REDIRECT_OPENSSL_CONF\":\"C:\\/xampp\\/apache\\/bin\\/openssl.cnf\",\"REDIRECT_PHP_PEAR_SYSCONF_DIR\":\"\\\\xampp\\\\php\",\"REDIRECT_PHPRC\":\"\\\\xampp\\\\php\",\"REDIRECT_TMP\":\"\\\\x'),
(124, 'MMM 1928 A+ LETTING', NULL, 'admin@annanproperty.co.uk', '$2y$10$Xdc.aDmvfRZMtSUShZdG1ufzYxzoqBCx6r7kM.rSSRbINF0yz4EfG', 'client', '0131 669 2121', NULL, 1, 0, NULL, 'admin@annanproperty.co.uk', NULL, NULL, '0131 669 1100', '229 PORTOBELLO  HIGH STREET', '', 'EDINBURGH', 'EH15 2AN', 'United Kingdom', 'London', NULL, '', NULL, 'A', 'TO LET BDS', '', 1, '2018-12-19 07:59:52', '::1', '{\"REDIRECT_MIBDIRS\":\"C:\\/xampp\\/php\\/extras\\/mibs\",\"REDIRECT_MYSQL_HOME\":\"\\\\xampp\\\\mysql\\\\bin\",\"REDIRECT_OPENSSL_CONF\":\"C:\\/xampp\\/apache\\/bin\\/openssl.cnf\",\"REDIRECT_PHP_PEAR_SYSCONF_DIR\":\"\\\\xampp\\\\php\",\"REDIRECT_PHPRC\":\"\\\\xampp\\\\php\",\"REDIRECT_TMP\":\"\\\\x'),
(125, 'MORISONS EDIN', NULL, 'carol.topliss@morisonsllp.com', '$2y$10$bC2qpB9nBn8wbm4M2A8QN.S3Dbzbc6h9s82FgIDd0RGjEl010OuoO', 'client', '0131226 6541', NULL, 1, 0, NULL, 'carol.topliss@morisonsllp.com', NULL, NULL, '0131 226 3156', '1 EXCHANGE CRESCENT\n 1 CONFERENCE SQUARE', 'EDINBURGH', '', 'EH3 8AN', 'United Kingdom', 'London', NULL, 'UNDER OFFER STICKERS WHITE LETTERS ON RED BACKGROUND  THEY BUY BUNDLES FROM US', NULL, 'A', 'FSB', '', 1, '2018-12-19 07:59:52', '::1', '{\"REDIRECT_MIBDIRS\":\"C:\\/xampp\\/php\\/extras\\/mibs\",\"REDIRECT_MYSQL_HOME\":\"\\\\xampp\\\\mysql\\\\bin\",\"REDIRECT_OPENSSL_CONF\":\"C:\\/xampp\\/apache\\/bin\\/openssl.cnf\",\"REDIRECT_PHP_PEAR_SYSCONF_DIR\":\"\\\\xampp\\\\php\",\"REDIRECT_PHPRC\":\"\\\\xampp\\\\php\",\"REDIRECT_TMP\":\"\\\\x'),
(126, 'MORISONS GLASGOW', NULL, 'enquiries@morisonsllp.com', '$2y$10$jj64XNONfOGGySVmNVOpHuYiW2mtYoc58ROQEEgLhbZXcAUFMvnZi', 'client', '0141 332 5666', NULL, 1, 0, NULL, '', NULL, NULL, '', '53 BOTHWELL STREET', 'GLASGOW', '', 'G2 6TS', 'United Kingdom', 'London', NULL, '', NULL, 'A', 'FSB', '', 1, '2018-12-19 07:59:52', '::1', '{\"REDIRECT_MIBDIRS\":\"C:\\/xampp\\/php\\/extras\\/mibs\",\"REDIRECT_MYSQL_HOME\":\"\\\\xampp\\\\mysql\\\\bin\",\"REDIRECT_OPENSSL_CONF\":\"C:\\/xampp\\/apache\\/bin\\/openssl.cnf\",\"REDIRECT_PHP_PEAR_SYSCONF_DIR\":\"\\\\xampp\\\\php\",\"REDIRECT_PHPRC\":\"\\\\xampp\\\\php\",\"REDIRECT_TMP\":\"\\\\x'),
(127, 'MORTON FRASER', NULL, 'property@morton-fraser.com', '$2y$10$tWgsC.TyLqkvGZSLGEoFKutOovx4cKMp3mC4joPnZDI1ya1PA6vte', 'client', '0131 247 1010', NULL, 1, 0, NULL, 'louise.McKenzie@morton-fraser.com', NULL, NULL, '0131 247 1003', 'QUARTERMILE TWO', '2 LISTER SQUARE', 'EDINBURGH', 'EH3 9GL', 'United Kingdom', 'London', NULL, 'SOLD SUBJECT OVERPLATES BLACK LETTERS WHITE BACKGROUND  THEY OWN AND WE APPLY', NULL, 'A', 'FSB', 'CIRCULAR SHAPED BDS', 1, '2018-12-19 07:59:52', '::1', '{\"REDIRECT_MIBDIRS\":\"C:\\/xampp\\/php\\/extras\\/mibs\",\"REDIRECT_MYSQL_HOME\":\"\\\\xampp\\\\mysql\\\\bin\",\"REDIRECT_OPENSSL_CONF\":\"C:\\/xampp\\/apache\\/bin\\/openssl.cnf\",\"REDIRECT_PHP_PEAR_SYSCONF_DIR\":\"\\\\xampp\\\\php\",\"REDIRECT_PHPRC\":\"\\\\xampp\\\\php\",\"REDIRECT_TMP\":\"\\\\x'),
(128, 'MOV8', NULL, 'sales@mov8realestate.com', '$2y$10$YNoTZusaOlFXG6y.HXTZwOmtnbgsHxJEjrFGGI5XlyICQjqdVM2Ga', 'client', 'LAURA BESWICK  202 5444', NULL, 1, 0, NULL, 'accounts@mov8realestate.com', NULL, NULL, '0845 217 9781', '3-4 COMMERCIAL STREET', 'EDINBURGH', '', 'EH6 6JA', 'United Kingdom', 'London', NULL, 'SOLD OVERPLATES VARIOUS WORDAGE  OWN OVERPLATES\n BLUE=\"SORRY I\'M TAKEN\"\n GREEN=\"ON TO PASTURES NEW\"\n', NULL, 'A', 'FSB', 'SOLD £600 FIXED FEE NO COMMISSION OVERPLATES\nOPTION 2 TAKES YOU STRAIGHT TO CORRECT DEPARTMENT GRETA 322 3262 NEWINGTON\n VICTORIA 322 3263 LEITH WALK\n DANIEL 322 3266 NEWINGTON\n JENNA 322 3280 LEITH WALK\n ANNA 322 3270 NEWINGTON\n RACHEL 322 3244\n STEPH 32', 1, '2018-12-19 07:59:52', '::1', '{\"REDIRECT_MIBDIRS\":\"C:\\/xampp\\/php\\/extras\\/mibs\",\"REDIRECT_MYSQL_HOME\":\"\\\\xampp\\\\mysql\\\\bin\",\"REDIRECT_OPENSSL_CONF\":\"C:\\/xampp\\/apache\\/bin\\/openssl.cnf\",\"REDIRECT_PHP_PEAR_SYSCONF_DIR\":\"\\\\xampp\\\\php\",\"REDIRECT_PHPRC\":\"\\\\xampp\\\\php\",\"REDIRECT_TMP\":\"\\\\x'),
(129, 'MURRAY & CURRIE', NULL, 'edinburgh@murrayandcurrie.com', '$2y$10$zDgoXJJitvbK6sRIUz8WieLF2xBIhRLgK1nS6jDzQcwYK8g15fZ6W', 'client', '0131 226 5050  JOE (SIGN ERECTOR) 07932 900143', NULL, 1, 0, NULL, 'chris@murrayandcurrie.com', NULL, NULL, '', '60 QUEEN STREET', 'EDINBURGH', '', 'EH2 4NA', 'United Kingdom', 'London', NULL, 'UNDER OFFER STICKERS:- PURPLE LETTERS ON WHITE', NULL, 'A', 'BOTH', '', 1, '2018-12-19 07:59:52', '::1', '{\"REDIRECT_MIBDIRS\":\"C:\\/xampp\\/php\\/extras\\/mibs\",\"REDIRECT_MYSQL_HOME\":\"\\\\xampp\\\\mysql\\\\bin\",\"REDIRECT_OPENSSL_CONF\":\"C:\\/xampp\\/apache\\/bin\\/openssl.cnf\",\"REDIRECT_PHP_PEAR_SYSCONF_DIR\":\"\\\\xampp\\\\php\",\"REDIRECT_PHPRC\":\"\\\\xampp\\\\php\",\"REDIRECT_TMP\":\"\\\\x'),
(130, 'NEIL REID PROPERTY', NULL, 'neil-reid@hotmail.co.uk', '$2y$10$VggAIpbWjAb3XWBB..hWeO/x.yvhWYZ0VA92sDzCGHTwIC9GSMBmG', 'client', '07429 618123', NULL, 1, 0, NULL, 'neil-reid@hotmail.co.uk', NULL, NULL, '', '39 WAUGH PATH', '', 'BONNYRIGG', 'EH19 3QE', 'United Kingdom', 'London', NULL, '', NULL, 'A', 'TO LET BDS', '', 1, '2018-12-19 07:59:52', '::1', '{\"REDIRECT_MIBDIRS\":\"C:\\/xampp\\/php\\/extras\\/mibs\",\"REDIRECT_MYSQL_HOME\":\"\\\\xampp\\\\mysql\\\\bin\",\"REDIRECT_OPENSSL_CONF\":\"C:\\/xampp\\/apache\\/bin\\/openssl.cnf\",\"REDIRECT_PHP_PEAR_SYSCONF_DIR\":\"\\\\xampp\\\\php\",\"REDIRECT_PHPRC\":\"\\\\xampp\\\\php\",\"REDIRECT_TMP\":\"\\\\x'),
(131, 'NEILSONS', NULL, 'mail@neilsons.co.uk', '$2y$10$n.4Q1gykkrB3uj0iT1XsOOd3XMdiCGj.J0YyfOX.ZtG2QnPrvgLSu', 'client', '0131 625 2222 option 3 (314 7084 CAROLINE)', NULL, 1, 0, NULL, 'cathythomson@neilsons.co.uk', NULL, NULL, '0131 476 0448', '142 ST JOHNS ROAD', 'EDINBURGH', '', 'EH12 8AZ', 'United Kingdom', 'London', NULL, 'sold subject stickers/red background white letters   ALSO THEY BUY BUNDLES OF UNDER OFFER IN 7 DAYS ', NULL, 'A', 'FSB', '07725 245860 DONNA', 1, '2018-12-19 07:59:52', '::1', '{\"REDIRECT_MIBDIRS\":\"C:\\/xampp\\/php\\/extras\\/mibs\",\"REDIRECT_MYSQL_HOME\":\"\\\\xampp\\\\mysql\\\\bin\",\"REDIRECT_OPENSSL_CONF\":\"C:\\/xampp\\/apache\\/bin\\/openssl.cnf\",\"REDIRECT_PHP_PEAR_SYSCONF_DIR\":\"\\\\xampp\\\\php\",\"REDIRECT_PHPRC\":\"\\\\xampp\\\\php\",\"REDIRECT_TMP\":\"\\\\x'),
(132, 'NORTHWOOD', NULL, 'edinburgh@northwooduk.com', '$2y$10$oIZuleqIMnqph4rpE5aw4eFyIIqknc88aoJLEd3KFSCmdNcxr7wai', 'client', '0131 343 1717', NULL, 1, 0, NULL, 'FAO: Sam Croal', NULL, NULL, '0131 343 1777', '13 COMELY BANK ROAD', 'EDINBURGH', '', 'EH04 1DR', 'United Kingdom', 'London', NULL, 'OWN SORRY IT\'S LET OVERPLATE MAROON LETTERS ON WHITE', NULL, 'A', 'TO LET BD', 'they get their boards through their franchise', 1, '2018-12-19 07:59:52', '::1', '{\"REDIRECT_MIBDIRS\":\"C:\\/xampp\\/php\\/extras\\/mibs\",\"REDIRECT_MYSQL_HOME\":\"\\\\xampp\\\\mysql\\\\bin\",\"REDIRECT_OPENSSL_CONF\":\"C:\\/xampp\\/apache\\/bin\\/openssl.cnf\",\"REDIRECT_PHP_PEAR_SYSCONF_DIR\":\"\\\\xampp\\\\php\",\"REDIRECT_PHPRC\":\"\\\\xampp\\\\php\",\"REDIRECT_TMP\":\"\\\\x'),
(133, 'NORTHWOOD SALES', NULL, 'edinburgh@northwooduk.com', '$2y$10$u/j7rF3Evhh/Jrpn27XyW.wrYnyaRIZrBxMmfwIKifvXlPVrw.PrC', 'client', '0131 343 1717', NULL, 1, 0, NULL, 'edinburgh@northwooduk.com', NULL, NULL, '0131 343 1777', '13 COMELY BANK ROAD', 'EDINBURGH', '', 'EH04 1DR', 'United Kingdom', 'London', NULL, '\"NOW SOLD\" OWN OVERPLATES MAROON LETTERS ON WHITE', NULL, 'A', 'FSB', 'OWN OVER PLATES', 1, '2018-12-19 07:59:52', '::1', '{\"REDIRECT_MIBDIRS\":\"C:\\/xampp\\/php\\/extras\\/mibs\",\"REDIRECT_MYSQL_HOME\":\"\\\\xampp\\\\mysql\\\\bin\",\"REDIRECT_OPENSSL_CONF\":\"C:\\/xampp\\/apache\\/bin\\/openssl.cnf\",\"REDIRECT_PHP_PEAR_SYSCONF_DIR\":\"\\\\xampp\\\\php\",\"REDIRECT_PHPRC\":\"\\\\xampp\\\\php\",\"REDIRECT_TMP\":\"\\\\x'),
(134, 'O\'NEILLS GLASGOW', NULL, 'glasgow@oneillproperty.co.uk', '$2y$10$rNc67TR72PfYtNeGfl/MjendDmWVK6hj9uK.O8WXvVA1.WNcemfgm', 'client', '0141 226 9970', NULL, 1, 0, NULL, 'glasgow@oneillproperty.co.uk', NULL, NULL, '0141 226 9980', '84 BERKELEY STREET', 'GLASGOW', '', 'G3 7DS', 'United Kingdom', 'London', NULL, 'OWN RESERVED OVERPLATES  WHITE LETTERS ON RED BACKGROUND', NULL, 'A', 'TO LET BD', '', 1, '2018-12-19 07:59:52', '::1', '{\"REDIRECT_MIBDIRS\":\"C:\\/xampp\\/php\\/extras\\/mibs\",\"REDIRECT_MYSQL_HOME\":\"\\\\xampp\\\\mysql\\\\bin\",\"REDIRECT_OPENSSL_CONF\":\"C:\\/xampp\\/apache\\/bin\\/openssl.cnf\",\"REDIRECT_PHP_PEAR_SYSCONF_DIR\":\"\\\\xampp\\\\php\",\"REDIRECT_PHPRC\":\"\\\\xampp\\\\php\",\"REDIRECT_TMP\":\"\\\\x'),
(135, 'O\'NEILLS EDIN', NULL, 'edinburgh@oneillproperty.co.uk', '$2y$10$cAWACDRpDGITRVsjn4hpcOqVL8mK3zOWrW7.ePmooRb0hQZ9vX/DS', 'client', '0131 466 6606', NULL, 1, 0, NULL, 'edinburgh@oneillproperty.co.uk', NULL, NULL, '0131 466 6610', '16 YOUNG STREET', 'EDINBURGH', '', 'EH2 4JB', 'United Kingdom', 'London', NULL, 'OWN RESERVED OVERPLATES  WHITE LETTERS ON RED BACKGROUND', NULL, 'A', 'TO LET BD', '', 1, '2018-12-19 07:59:52', '::1', '{\"REDIRECT_MIBDIRS\":\"C:\\/xampp\\/php\\/extras\\/mibs\",\"REDIRECT_MYSQL_HOME\":\"\\\\xampp\\\\mysql\\\\bin\",\"REDIRECT_OPENSSL_CONF\":\"C:\\/xampp\\/apache\\/bin\\/openssl.cnf\",\"REDIRECT_PHP_PEAR_SYSCONF_DIR\":\"\\\\xampp\\\\php\",\"REDIRECT_PHPRC\":\"\\\\xampp\\\\php\",\"REDIRECT_TMP\":\"\\\\x'),
(136, 'PARIS STEELE DUNBAR', NULL, '', '$2y$10$kbppspUOXO0FmDGuVuS2OeEQxcAav53BgkVTcbbRcx5MEZFZG7C8K', 'client', '01368 862 746', NULL, 1, 0, NULL, '', NULL, NULL, '01368 864 150', '116 HIGH STREET', '', 'DUNBAR', 'EH42 1JJ', 'United Kingdom', 'London', NULL, 'SOLD SUBJECT STICKERS WHITE LETTERS ON BLACK BACKGROUND   THEY OWN THEM AND WE KEEP THEM HERE TO APP', NULL, 'A', 'FSB', '', 1, '2018-12-19 07:59:52', '::1', '{\"REDIRECT_MIBDIRS\":\"C:\\/xampp\\/php\\/extras\\/mibs\",\"REDIRECT_MYSQL_HOME\":\"\\\\xampp\\\\mysql\\\\bin\",\"REDIRECT_OPENSSL_CONF\":\"C:\\/xampp\\/apache\\/bin\\/openssl.cnf\",\"REDIRECT_PHP_PEAR_SYSCONF_DIR\":\"\\\\xampp\\\\php\",\"REDIRECT_PHPRC\":\"\\\\xampp\\\\php\",\"REDIRECT_TMP\":\"\\\\x'),
(137, 'PARIS STEELE HADDINGTON', NULL, '', '$2y$10$l1rVtx10pVeqpPP1ZQcHwuI.4qtinjkElkFhwmoHxnOjeola17XBS', 'client', '01620 820982', NULL, 1, 0, NULL, '', NULL, NULL, '', '1 HIGH STREET\n HADDINGTON', '', '', 'EH41 3ES', 'United Kingdom', 'London', NULL, '', NULL, 'A', 'FSB', '', 1, '2018-12-19 07:59:52', '::1', '{\"REDIRECT_MIBDIRS\":\"C:\\/xampp\\/php\\/extras\\/mibs\",\"REDIRECT_MYSQL_HOME\":\"\\\\xampp\\\\mysql\\\\bin\",\"REDIRECT_OPENSSL_CONF\":\"C:\\/xampp\\/apache\\/bin\\/openssl.cnf\",\"REDIRECT_PHP_PEAR_SYSCONF_DIR\":\"\\\\xampp\\\\php\",\"REDIRECT_PHPRC\":\"\\\\xampp\\\\php\",\"REDIRECT_TMP\":\"\\\\x'),
(138, 'PARIS STEELE', NULL, 'edanks@parissteele.com       jseago@parissteele.com', '$2y$10$8OhB2qJ2/XBWdB47sU8vuerW0czswDyRjoGCt79bm8NE.RxGyX5X6', 'client', '01620 892138', NULL, 1, 0, NULL, 'edanks@parissteele.com       jseago@parissteele.com', NULL, NULL, '01620 895162', '35 WESTGATE NORTH BERWICK', 'NORTH BERWICK', 'EAST LOTHIAN', 'EH39 4AG', 'United Kingdom', 'London', NULL, 'THEY USE SOLD SUB STKRS (BLACK BACKGROUND/WHITE LETTERS) THEY BUY THEM AND WE KEEP THEM HERE OWN STI', NULL, 'A', 'FSB & TO LET', 'PLACE UNDER OFFER STKRS VERTICALLY ON RIGHT HAND SIDE', 1, '2018-12-19 07:59:52', '::1', '{\"REDIRECT_MIBDIRS\":\"C:\\/xampp\\/php\\/extras\\/mibs\",\"REDIRECT_MYSQL_HOME\":\"\\\\xampp\\\\mysql\\\\bin\",\"REDIRECT_OPENSSL_CONF\":\"C:\\/xampp\\/apache\\/bin\\/openssl.cnf\",\"REDIRECT_PHP_PEAR_SYSCONF_DIR\":\"\\\\xampp\\\\php\",\"REDIRECT_PHPRC\":\"\\\\xampp\\\\php\",\"REDIRECT_TMP\":\"\\\\x');
INSERT INTO `admins` (`id`, `username`, `gender`, `email`, `password`, `type`, `phone`, `about`, `is_active`, `is_admin`, `is_login`, `email_contact`, `company_name`, `telephone`, `fax`, `address1`, `address2`, `address3`, `postcode`, `country`, `city`, `website`, `sticker`, `job_type`, `pricing_system`, `fsb_let_bd`, `note`, `added_by`, `added_time`, `added_ip`, `server_info`) VALUES
(139, 'PROPERTY LETTING CENTRE', NULL, 'support@onlineplc.co.uk', '$2y$10$789ORKJurrG.YlcOf/iOoeaJ6TeOTimQ5ufCcz6wH3XK.Elx82VdO', 'client', '622 2000', NULL, 1, 0, NULL, 'nick.milne@onlineplc.co.uk', NULL, NULL, '', '64 NEWINGTON ROAD', 'EDINBURGH', '', 'EH9 1QN', 'United Kingdom', 'London', NULL, '', NULL, 'A', 'TO LET BD', '', 1, '2018-12-19 07:59:52', '::1', '{\"REDIRECT_MIBDIRS\":\"C:\\/xampp\\/php\\/extras\\/mibs\",\"REDIRECT_MYSQL_HOME\":\"\\\\xampp\\\\mysql\\\\bin\",\"REDIRECT_OPENSSL_CONF\":\"C:\\/xampp\\/apache\\/bin\\/openssl.cnf\",\"REDIRECT_PHP_PEAR_SYSCONF_DIR\":\"\\\\xampp\\\\php\",\"REDIRECT_PHPRC\":\"\\\\xampp\\\\php\",\"REDIRECT_TMP\":\"\\\\x'),
(140, 'PURDIE & CO', NULL, 'property@purdiesolicitors.co.uk', '$2y$10$pbHH5VwdlXoXkPdSUl4s7u6j/BlvJWgbyonD5N9olSDsZxBS/rdrG', 'client', '0131 346 7240', NULL, 1, 0, NULL, 'property@purdiesolicitors.co.uk', NULL, NULL, '', '69 HAYMARKET TERRACE', 'EDINBURGH', '', 'EH12 5HD', 'United Kingdom', 'London', NULL, 'UNDER OFFER STICKERS WHITE LETTERS RED BACKGROUND   THEY BUY BUNDLES FROM US', NULL, 'A', 'FSB', '', 1, '2018-12-19 07:59:52', '::1', '{\"REDIRECT_MIBDIRS\":\"C:\\/xampp\\/php\\/extras\\/mibs\",\"REDIRECT_MYSQL_HOME\":\"\\\\xampp\\\\mysql\\\\bin\",\"REDIRECT_OPENSSL_CONF\":\"C:\\/xampp\\/apache\\/bin\\/openssl.cnf\",\"REDIRECT_PHP_PEAR_SYSCONF_DIR\":\"\\\\xampp\\\\php\",\"REDIRECT_PHPRC\":\"\\\\xampp\\\\php\",\"REDIRECT_TMP\":\"\\\\x'),
(141, 'RUSSEL & AITKEN', NULL, 'enquiries@russelaitken.com', '$2y$10$0jsTgH01RArIYVLdaPi6geVVYgqzKeBKHERH.NxzJEOTezk9KDExG', 'client', '0131 202 0600', NULL, 1, 0, NULL, 'doreen.pollard@russelaitken.com', NULL, NULL, '0131 315 4319', '16 RAEBURN PLACE', 'EDINBURGH', '', 'EH4  2BU', 'United Kingdom', 'London', NULL, 'SPECIAL UNDER OFFER STICKERS BLUE LETTERS WHITE BACKGROUND/ FIXED PRICE WHITE LETTERS BLUE BACKGROUN', NULL, 'A', 'FSB', '', 1, '2018-12-19 07:59:52', '::1', '{\"REDIRECT_MIBDIRS\":\"C:\\/xampp\\/php\\/extras\\/mibs\",\"REDIRECT_MYSQL_HOME\":\"\\\\xampp\\\\mysql\\\\bin\",\"REDIRECT_OPENSSL_CONF\":\"C:\\/xampp\\/apache\\/bin\\/openssl.cnf\",\"REDIRECT_PHP_PEAR_SYSCONF_DIR\":\"\\\\xampp\\\\php\",\"REDIRECT_PHPRC\":\"\\\\xampp\\\\php\",\"REDIRECT_TMP\":\"\\\\x'),
(142, 'RENT LOCALLY', NULL, 'ailsa.guntly@rentlocally.co.uk', '$2y$10$8j3xS.9IcbCNWqJoQMMj1ut7J7aX7ody0lg8Zyr7DzmA4q81zzmqa', 'client', '0131 445 9900 (NUMBER ON NEW BDS) 0845 643 6142', NULL, 1, 0, NULL, 'john.horsburgh@rentlocally.co.uk', NULL, NULL, '', 'UNIT 1 109 SWANSTON ROAD\n EDINBURGH', '', '', 'EH10 7DS', 'United Kingdom', 'London', NULL, '', NULL, 'A', 'TO LET BD', '', 1, '2018-12-19 07:59:52', '::1', '{\"REDIRECT_MIBDIRS\":\"C:\\/xampp\\/php\\/extras\\/mibs\",\"REDIRECT_MYSQL_HOME\":\"\\\\xampp\\\\mysql\\\\bin\",\"REDIRECT_OPENSSL_CONF\":\"C:\\/xampp\\/apache\\/bin\\/openssl.cnf\",\"REDIRECT_PHP_PEAR_SYSCONF_DIR\":\"\\\\xampp\\\\php\",\"REDIRECT_PHPRC\":\"\\\\xampp\\\\php\",\"REDIRECT_TMP\":\"\\\\x'),
(143, 'ROLLOS AUCHTERMUCHTY', NULL, '', '$2y$10$5FdbdcA/OqKfZH2ej4vHCeWsVSwd2.aFaOusH5WQZsdeF2rvYH1Om', 'client', '01337 828775', NULL, 1, 0, NULL, '', NULL, NULL, '', '36 CUPAR ROAD', 'ACHUTERMUCHTY', 'FIFE', 'KY14 7DD', 'United Kingdom', 'London', NULL, 'MAROON OWN OVERPLATES SOLD SUBJECT WITH WHITE LETTERS ON MAROON BACKGROUND  THEY ALSO HAVE A SMALL S', NULL, 'A', 'FSB', '', 1, '2018-12-19 07:59:52', '::1', '{\"REDIRECT_MIBDIRS\":\"C:\\/xampp\\/php\\/extras\\/mibs\",\"REDIRECT_MYSQL_HOME\":\"\\\\xampp\\\\mysql\\\\bin\",\"REDIRECT_OPENSSL_CONF\":\"C:\\/xampp\\/apache\\/bin\\/openssl.cnf\",\"REDIRECT_PHP_PEAR_SYSCONF_DIR\":\"\\\\xampp\\\\php\",\"REDIRECT_PHPRC\":\"\\\\xampp\\\\php\",\"REDIRECT_TMP\":\"\\\\x'),
(144, 'ROLLOS CUPAR', NULL, 'louisehutcheon@rollos.co.uk', '$2y$10$ye9C6jmTwaUCSLS6D03Pdua466atZbWMgrs/iQQdGfacvz8oflUIq', 'client', '01334 654081', NULL, 1, 0, NULL, '', NULL, NULL, '01334 656350', '67 CROSSGATE', 'CUPAR', 'FIFE', 'KY15 5AS', 'United Kingdom', 'London', NULL, 'OWN OVERPLATES SOLD SUB WHITE LETTERS ON MAROON BACKGROUND', NULL, 'A', 'FSB', '', 1, '2018-12-19 07:59:52', '::1', '{\"REDIRECT_MIBDIRS\":\"C:\\/xampp\\/php\\/extras\\/mibs\",\"REDIRECT_MYSQL_HOME\":\"\\\\xampp\\\\mysql\\\\bin\",\"REDIRECT_OPENSSL_CONF\":\"C:\\/xampp\\/apache\\/bin\\/openssl.cnf\",\"REDIRECT_PHP_PEAR_SYSCONF_DIR\":\"\\\\xampp\\\\php\",\"REDIRECT_PHPRC\":\"\\\\xampp\\\\php\",\"REDIRECT_TMP\":\"\\\\x'),
(145, 'ROLLOS LETTING', NULL, 'elliehughes@rollos.co.uk', '$2y$10$Ug5jMg7x8VCTWP37IgxJMO.dceHQIr5Nh9I4cUwFRCuTeookb7fcK', 'client', '01334 477700', NULL, 1, 0, NULL, 'elliehughes@rollos.co.uk', NULL, NULL, '', '6 BELL STREET', 'ST ANDREWS', 'FIFE', 'KY16 9UX', 'United Kingdom', 'London', NULL, '', NULL, 'A', 'TO LET BD', 'ST ANDREWS AND CUPAR OFFICE', 1, '2018-12-19 07:59:52', '::1', '{\"REDIRECT_MIBDIRS\":\"C:\\/xampp\\/php\\/extras\\/mibs\",\"REDIRECT_MYSQL_HOME\":\"\\\\xampp\\\\mysql\\\\bin\",\"REDIRECT_OPENSSL_CONF\":\"C:\\/xampp\\/apache\\/bin\\/openssl.cnf\",\"REDIRECT_PHP_PEAR_SYSCONF_DIR\":\"\\\\xampp\\\\php\",\"REDIRECT_PHPRC\":\"\\\\xampp\\\\php\",\"REDIRECT_TMP\":\"\\\\x'),
(146, 'ROLLOS ST ANDREWS', NULL, '', '$2y$10$NRLs.vO6tfZifqn8dgDXRe9kzzsv8mFKfIPoIURXQHEW5PYm26do.', 'client', '01334 477700', NULL, 1, 0, NULL, '', NULL, NULL, '', '6 BELL STREET', 'ST ANDREWS', 'FIFE', 'KY16 9UX', 'United Kingdom', 'London', NULL, 'OWN OVERPLATES SOLD SUBJECT WHITE LETTERS ON MAROON BACKGROUND', NULL, 'A', 'FSB', 'WE MAKE THEIR SOLD SUB OVERPLATES', 1, '2018-12-19 07:59:52', '::1', '{\"REDIRECT_MIBDIRS\":\"C:\\/xampp\\/php\\/extras\\/mibs\",\"REDIRECT_MYSQL_HOME\":\"\\\\xampp\\\\mysql\\\\bin\",\"REDIRECT_OPENSSL_CONF\":\"C:\\/xampp\\/apache\\/bin\\/openssl.cnf\",\"REDIRECT_PHP_PEAR_SYSCONF_DIR\":\"\\\\xampp\\\\php\",\"REDIRECT_PHPRC\":\"\\\\xampp\\\\php\",\"REDIRECT_TMP\":\"\\\\x'),
(147, 'ROSS & CONNEL', NULL, 'mritchie@ross.connel.co.uk\n \n \n mritchie@rossconnel.co.uk', '$2y$10$EFBh6S6X6sOkzGJDp8OaXesSivpjfLqjnkFBkOvbRm.jc.7uZ.e9a', 'client', '01383 721 156', NULL, 1, 0, NULL, 'mritchie@ross.connel.co.uk\n \n \n mritchie@rossconnel.co.uk', NULL, NULL, '', '18 VIEWFIELD TERRACE\n DUNFERMLINE', '', '', 'KY12 7JH', 'United Kingdom', 'London', NULL, 'OWN SOLD SUBJECT OVERPLATES PINK BACKGROUND WITH WHITE LETTERS', NULL, 'A', 'FSB', '', 1, '2018-12-19 07:59:52', '::1', '{\"REDIRECT_MIBDIRS\":\"C:\\/xampp\\/php\\/extras\\/mibs\",\"REDIRECT_MYSQL_HOME\":\"\\\\xampp\\\\mysql\\\\bin\",\"REDIRECT_OPENSSL_CONF\":\"C:\\/xampp\\/apache\\/bin\\/openssl.cnf\",\"REDIRECT_PHP_PEAR_SYSCONF_DIR\":\"\\\\xampp\\\\php\",\"REDIRECT_PHPRC\":\"\\\\xampp\\\\php\",\"REDIRECT_TMP\":\"\\\\x'),
(148, 'ROY SIM PROPERTIES', NULL, '', '$2y$10$TXN8Ub.OTrhbGNRKBCHPKekSgUhI9biTYTrsHnov1VxzeJiZAd.7O', 'client', '07921 338 458', NULL, 1, 0, NULL, '', NULL, NULL, '', '', '', '', '', 'United Kingdom', 'London', NULL, '', NULL, 'A', '', '', 1, '2018-12-19 07:59:52', '::1', '{\"REDIRECT_MIBDIRS\":\"C:\\/xampp\\/php\\/extras\\/mibs\",\"REDIRECT_MYSQL_HOME\":\"\\\\xampp\\\\mysql\\\\bin\",\"REDIRECT_OPENSSL_CONF\":\"C:\\/xampp\\/apache\\/bin\\/openssl.cnf\",\"REDIRECT_PHP_PEAR_SYSCONF_DIR\":\"\\\\xampp\\\\php\",\"REDIRECT_PHPRC\":\"\\\\xampp\\\\php\",\"REDIRECT_TMP\":\"\\\\x'),
(149, 'SAYER BURNETT', NULL, 'cs@sayerburnett.com', '$2y$10$VQH2xEB3nq8vvGWHcEOm9OiT7fudObtxxDyfyMG9XdJVQTsnXPafW', 'client', '0131 225 5567', NULL, 1, 0, NULL, 'cs@sayerburnett.com', NULL, NULL, '0131 225 3300', '43-45 CIRCUS LANE', 'EDINBURGH', '', 'EH3 6SU', 'United Kingdom', 'London', NULL, 'UNDER OFFER STICKERS   NO PARTICULAR COLOUR AND WE APPLY THEM AND USE OUR STOCK STICKERS', NULL, 'A', 'FSB', '', 1, '2018-12-19 07:59:52', '::1', '{\"REDIRECT_MIBDIRS\":\"C:\\/xampp\\/php\\/extras\\/mibs\",\"REDIRECT_MYSQL_HOME\":\"\\\\xampp\\\\mysql\\\\bin\",\"REDIRECT_OPENSSL_CONF\":\"C:\\/xampp\\/apache\\/bin\\/openssl.cnf\",\"REDIRECT_PHP_PEAR_SYSCONF_DIR\":\"\\\\xampp\\\\php\",\"REDIRECT_PHPRC\":\"\\\\xampp\\\\php\",\"REDIRECT_TMP\":\"\\\\x'),
(150, 'STEVENSON MARSHALL', NULL, 'property2@stevenson-marshall.co.uk', '$2y$10$emRUhbhJae5gmGKu30XDm.5iFb9NDb0PMlkCZgiWA2CL3X7lGQL2a', 'client', '01383 721141', NULL, 1, 0, NULL, '', NULL, NULL, '01383 723779', '41 EAST PORT', 'DUNFERMLINE', 'FIFE', 'KY12 7LG', 'United Kingdom', 'London', NULL, 'SOLD SUBJECT. THEY HAVE THEIR OWN OVERPLATES (TOMATO RED WITH WHITE LETTERS) AND ALSO NOW HAVE SWING', NULL, 'A', 'FSB', '', 1, '2018-12-19 07:59:52', '::1', '{\"REDIRECT_MIBDIRS\":\"C:\\/xampp\\/php\\/extras\\/mibs\",\"REDIRECT_MYSQL_HOME\":\"\\\\xampp\\\\mysql\\\\bin\",\"REDIRECT_OPENSSL_CONF\":\"C:\\/xampp\\/apache\\/bin\\/openssl.cnf\",\"REDIRECT_PHP_PEAR_SYSCONF_DIR\":\"\\\\xampp\\\\php\",\"REDIRECT_PHPRC\":\"\\\\xampp\\\\php\",\"REDIRECT_TMP\":\"\\\\x'),
(151, 'SIMPSON MARWICK ABERDEEN', NULL, 'Brenda.Smith@simpmar.com', '$2y$10$brop1YCiF7Tykm1rWae/uO4BZCKAAO8VjOKGrgiOahYIlWnOrtZz.', 'client', '01224 628 896', NULL, 1, 0, NULL, '', NULL, NULL, '01224 646 133', '4 ALFORD PLACE', '', 'ABERDEEN', 'AB10 1JD', 'United Kingdom', 'London', NULL, '', NULL, 'A', 'SUPPLY', '', 1, '2018-12-19 07:59:52', '::1', '{\"REDIRECT_MIBDIRS\":\"C:\\/xampp\\/php\\/extras\\/mibs\",\"REDIRECT_MYSQL_HOME\":\"\\\\xampp\\\\mysql\\\\bin\",\"REDIRECT_OPENSSL_CONF\":\"C:\\/xampp\\/apache\\/bin\\/openssl.cnf\",\"REDIRECT_PHP_PEAR_SYSCONF_DIR\":\"\\\\xampp\\\\php\",\"REDIRECT_PHPRC\":\"\\\\xampp\\\\php\",\"REDIRECT_TMP\":\"\\\\x'),
(152, 'SIMPSON & MARWICK EAST LOTHIAN', NULL, 'Sarah.Robertson@simpmar.com', '$2y$10$FdA2/8wgyChRbSP0856YTekHKAn24Z4CAU5qvPR4ckAoND.e1siT.', 'client', '01620 892 000', NULL, 1, 0, NULL, 'sheila.hogg@simpmar.com', NULL, NULL, '01620 892500', '88 HIGH STREET', 'NORTH BERWICK', 'EAST LOTHIAN', 'EH39 4HE', 'United Kingdom', 'London', NULL, '', NULL, 'A', 'FSB', 'SPECIAL STKRS', 1, '2018-12-19 07:59:52', '::1', '{\"REDIRECT_MIBDIRS\":\"C:\\/xampp\\/php\\/extras\\/mibs\",\"REDIRECT_MYSQL_HOME\":\"\\\\xampp\\\\mysql\\\\bin\",\"REDIRECT_OPENSSL_CONF\":\"C:\\/xampp\\/apache\\/bin\\/openssl.cnf\",\"REDIRECT_PHP_PEAR_SYSCONF_DIR\":\"\\\\xampp\\\\php\",\"REDIRECT_PHPRC\":\"\\\\xampp\\\\php\",\"REDIRECT_TMP\":\"\\\\x'),
(153, 'STEPHEN MCINTYRE', NULL, 'rentals@stephen mcintyre.co.uk', '$2y$10$7q.qWN21U8Dg/JCa60RxJuqyAIy0Hya1IjrX95VUV8xASPTMGbzZC', 'client', '0131 622 6215', NULL, 1, 0, NULL, 'rentals@stephen mcintyre.co.uk', NULL, NULL, '0131 669 8352', '8a BATH STREET', 'EDINBURGH', '', 'EH15 1EY', 'United Kingdom', 'London', NULL, '', NULL, 'A', 'TO LET BD', '', 1, '2018-12-19 07:59:52', '::1', '{\"REDIRECT_MIBDIRS\":\"C:\\/xampp\\/php\\/extras\\/mibs\",\"REDIRECT_MYSQL_HOME\":\"\\\\xampp\\\\mysql\\\\bin\",\"REDIRECT_OPENSSL_CONF\":\"C:\\/xampp\\/apache\\/bin\\/openssl.cnf\",\"REDIRECT_PHP_PEAR_SYSCONF_DIR\":\"\\\\xampp\\\\php\",\"REDIRECT_PHPRC\":\"\\\\xampp\\\\php\",\"REDIRECT_TMP\":\"\\\\x'),
(154, 'STEWART WATT', NULL, 'law@stewartwatt.co.uk', '$2y$10$6QM3v1/VcWH2EP96fLRc/uSbbbid6i6nBTg/e.2xe8Y6RTc4ht7tS', 'client', '0131 337 9692', NULL, 1, 0, NULL, 'law@stewartwatt.co.uk', NULL, NULL, '0131 313 2848', '202 DALRY ROAD', 'EDINBURGH', '', 'EH11 2ES', 'United Kingdom', 'London', NULL, 'SOLD (WHITE LETTERS ON RED BACKGROUND)', NULL, 'A', 'FSB', '', 1, '2018-12-19 07:59:52', '::1', '{\"REDIRECT_MIBDIRS\":\"C:\\/xampp\\/php\\/extras\\/mibs\",\"REDIRECT_MYSQL_HOME\":\"\\\\xampp\\\\mysql\\\\bin\",\"REDIRECT_OPENSSL_CONF\":\"C:\\/xampp\\/apache\\/bin\\/openssl.cnf\",\"REDIRECT_PHP_PEAR_SYSCONF_DIR\":\"\\\\xampp\\\\php\",\"REDIRECT_PHPRC\":\"\\\\xampp\\\\php\",\"REDIRECT_TMP\":\"\\\\x'),
(155, 'SAVILLS (UK) LTD EDINBURGH', NULL, 'hdown@savills.com', '$2y$10$nVvtsupD/Er5ueuwSL3LJOCbB4yfz4YwLS/DgpZWO3hQIlnm9twzG', 'client', '0131 247 3700   BEN MOBILE 07870 999 196', NULL, 1, 0, NULL, 'cyoung@savills.com', NULL, NULL, '0131 247 3724', '8 WEMYSS PLACE', 'EDINBURGH', '', 'EH3 6DH', 'United Kingdom', 'London', NULL, 'OWN OVERPLATES SOLD & UNDER OFFER WHITE LETTERS ON RED ON BOTH', NULL, 'A', 'FSB', 'SPECIAL BOLTS ONS BOTH SOLD AND UNDER OFFER AND THEIR SPECIAL WORDAGE ARE IN THE FORM OF AN ADD ON', 1, '2018-12-19 07:59:52', '::1', '{\"REDIRECT_MIBDIRS\":\"C:\\/xampp\\/php\\/extras\\/mibs\",\"REDIRECT_MYSQL_HOME\":\"\\\\xampp\\\\mysql\\\\bin\",\"REDIRECT_OPENSSL_CONF\":\"C:\\/xampp\\/apache\\/bin\\/openssl.cnf\",\"REDIRECT_PHP_PEAR_SYSCONF_DIR\":\"\\\\xampp\\\\php\",\"REDIRECT_PHPRC\":\"\\\\xampp\\\\php\",\"REDIRECT_TMP\":\"\\\\x'),
(156, 'SAVILLS (UK) LTD HAHHINGTON', NULL, '', '$2y$10$62U6A3jPCzRuaZ2cuYVelei16PUHfLd319OHzcvEUbprW3jto06Gm', 'client', '01620 828 960', NULL, 1, 0, NULL, '', NULL, NULL, '', '', '', '', '', 'United Kingdom', 'London', NULL, '', NULL, 'A', 'BOTH', '', 1, '2018-12-19 07:59:52', '::1', '{\"REDIRECT_MIBDIRS\":\"C:\\/xampp\\/php\\/extras\\/mibs\",\"REDIRECT_MYSQL_HOME\":\"\\\\xampp\\\\mysql\\\\bin\",\"REDIRECT_OPENSSL_CONF\":\"C:\\/xampp\\/apache\\/bin\\/openssl.cnf\",\"REDIRECT_PHP_PEAR_SYSCONF_DIR\":\"\\\\xampp\\\\php\",\"REDIRECT_PHPRC\":\"\\\\xampp\\\\php\",\"REDIRECT_TMP\":\"\\\\x'),
(157, 'SHOOSMITHS LLP', NULL, 'adam.dunlop@shoosmith.co.uk', '$2y$10$ng7H/CkSGC2wr5vVWh8WueVdL3bSTXWVJDjCoKNA/RQ9gseCU3zf6', 'client', '0131 270 8118', NULL, 1, 0, NULL, 'caroline.topliss@shoosmiths.co.uk', NULL, NULL, '0131 220 2288', 'THE LAKES', 'BEDFORD ROAD', 'NORTHAMPSTON', 'NN4 7SH', 'United Kingdom', 'London', NULL, 'UNDER OFFERS/RED LETTERS THEY DO NOT OWN THEM THEY USE STOCK STICKERS', NULL, 'A', 'FSB', '', 1, '2018-12-19 07:59:52', '::1', '{\"REDIRECT_MIBDIRS\":\"C:\\/xampp\\/php\\/extras\\/mibs\",\"REDIRECT_MYSQL_HOME\":\"\\\\xampp\\\\mysql\\\\bin\",\"REDIRECT_OPENSSL_CONF\":\"C:\\/xampp\\/apache\\/bin\\/openssl.cnf\",\"REDIRECT_PHP_PEAR_SYSCONF_DIR\":\"\\\\xampp\\\\php\",\"REDIRECT_PHPRC\":\"\\\\xampp\\\\php\",\"REDIRECT_TMP\":\"\\\\x'),
(158, 'SMART PROPERTY LETTING & LETTIMGS', NULL, '', '$2y$10$lQSzJ2.PI.lzTFnPsSrys.L3B9tqKmPC4h6NsgBc2lrmAqJsX013i', 'client', '0131 516 715', NULL, 1, 0, NULL, '', NULL, NULL, '', '', '', '', '', 'United Kingdom', 'London', NULL, '', NULL, 'A', 'TO LET', '', 1, '2018-12-19 07:59:52', '::1', '{\"REDIRECT_MIBDIRS\":\"C:\\/xampp\\/php\\/extras\\/mibs\",\"REDIRECT_MYSQL_HOME\":\"\\\\xampp\\\\mysql\\\\bin\",\"REDIRECT_OPENSSL_CONF\":\"C:\\/xampp\\/apache\\/bin\\/openssl.cnf\",\"REDIRECT_PHP_PEAR_SYSCONF_DIR\":\"\\\\xampp\\\\php\",\"REDIRECT_PHPRC\":\"\\\\xampp\\\\php\",\"REDIRECT_TMP\":\"\\\\x'),
(159, 'SMART PROPERTY SALES', NULL, '', '$2y$10$NLacSlvH/u8DuQeIHY4uiuV6p7pie3xGUsmjiZLxmvScdLYYRIvV6', 'client', '0131 516 715', NULL, 1, 0, NULL, '', NULL, NULL, '', '', '', '', '', 'United Kingdom', 'London', NULL, '', NULL, 'A', 'FSB', '', 1, '2018-12-19 07:59:52', '::1', '{\"REDIRECT_MIBDIRS\":\"C:\\/xampp\\/php\\/extras\\/mibs\",\"REDIRECT_MYSQL_HOME\":\"\\\\xampp\\\\mysql\\\\bin\",\"REDIRECT_OPENSSL_CONF\":\"C:\\/xampp\\/apache\\/bin\\/openssl.cnf\",\"REDIRECT_PHP_PEAR_SYSCONF_DIR\":\"\\\\xampp\\\\php\",\"REDIRECT_PHPRC\":\"\\\\xampp\\\\php\",\"REDIRECT_TMP\":\"\\\\x'),
(160, 'SOMERVILLE & RUSSELL', NULL, 'kelly.gray@somervilleandrussell.co.uk', '$2y$10$RqbGGFXJlpF6KZrx44dwbO0s7kbKbkkfd/tItydnZ0k6h0BlaRU5G', 'client', '0131 665 9041', NULL, 1, 0, NULL, 'kelly.gray@somervilleandrussell.co.uk', NULL, NULL, '0131 665 1951', '38 BRIDGE ST', 'MUSSELBURGH', '', 'EH21  6AQ', 'United Kingdom', 'London', NULL, 'SOLDS SUB STICKERS WHITE LETTERS ON RED BACKGROUND  THEY BUY BUNDLES FROM US TO APPLY THEMSELVES', NULL, 'A', 'FSB', 'EDINBURGH OFFICE IS AT 43 MELVILLE STREET', 1, '2018-12-19 07:59:52', '::1', '{\"REDIRECT_MIBDIRS\":\"C:\\/xampp\\/php\\/extras\\/mibs\",\"REDIRECT_MYSQL_HOME\":\"\\\\xampp\\\\mysql\\\\bin\",\"REDIRECT_OPENSSL_CONF\":\"C:\\/xampp\\/apache\\/bin\\/openssl.cnf\",\"REDIRECT_PHP_PEAR_SYSCONF_DIR\":\"\\\\xampp\\\\php\",\"REDIRECT_PHPRC\":\"\\\\xampp\\\\php\",\"REDIRECT_TMP\":\"\\\\x'),
(161, 'STUART & STUART', NULL, 'bonnyrigg@stuartandstuart.co.uk', '$2y$10$lAYmhgiqSHIpAMn.N4hc4ejInWJ1Zbyt7cmzjG0eFk5guQFeS.pPi', 'client', '0131 202 1888', NULL, 1, 0, NULL, 'property@stuartandstuart.co.uk', NULL, NULL, '0131 654 2580', '7 HIGH ST', 'BONNYRIGG', '', 'EH19 2DA', 'United Kingdom', 'London', NULL, 'little fixed price stickers UNDER OFFER OVERPLATES MAROON LETTERS ON WHITE WHICH THEY BUY  OWN OVERP', NULL, 'A', 'FSB', '', 1, '2018-12-19 07:59:52', '::1', '{\"REDIRECT_MIBDIRS\":\"C:\\/xampp\\/php\\/extras\\/mibs\",\"REDIRECT_MYSQL_HOME\":\"\\\\xampp\\\\mysql\\\\bin\",\"REDIRECT_OPENSSL_CONF\":\"C:\\/xampp\\/apache\\/bin\\/openssl.cnf\",\"REDIRECT_PHP_PEAR_SYSCONF_DIR\":\"\\\\xampp\\\\php\",\"REDIRECT_PHPRC\":\"\\\\xampp\\\\php\",\"REDIRECT_TMP\":\"\\\\x'),
(162, 'STREETS AHEAD SCOTLAND LIMITED', NULL, 'jackie.barr@sascot.com', '$2y$10$2wu0NThwdRpPCjs8MCm3Kurlb.3jHydUBv4vGOzqj7lVcuFx5mJ1i', 'client', '01592 800 321', NULL, 1, 0, NULL, 'enquiries@sascot.com', '', '', '', '315 HIGH STREET', 'KIRKCALDY', 'FIFE', 'KY1 1JL', 'United Kingdom', 'London', '', 'NO PARTICULAR STICKERS USED SO WE USE STOCK STICKERS EITHER SOLD OR SOLD SUBJECT', '', 'A', 'FSB', '', 1, '2018-12-19 10:51:40', '::1', '{\"REDIRECT_MIBDIRS\":\"C:\\/xampp\\/php\\/extras\\/mibs\",\"REDIRECT_MYSQL_HOME\":\"\\\\xampp\\\\mysql\\\\bin\",\"REDIRECT_OPENSSL_CONF\":\"C:\\/xampp\\/apache\\/bin\\/openssl.cnf\",\"REDIRECT_PHP_PEAR_SYSCONF_DIR\":\"\\\\xampp\\\\php\",\"REDIRECT_PHPRC\":\"\\\\xampp\\\\php\",\"REDIRECT_TMP\":\"\\\\x'),
(163, 'STREETS AHEAD LETTING', NULL, '', '$2y$10$nTznTc4rkhpg6T3Zq7VWe..wa51ZWXt33XDaNbFdIxGFDj6eMyoyS', 'client', '01592 800 321', NULL, 1, 0, NULL, '', NULL, NULL, '', '315 HIGH STREET KIRKCALDY', '', '', 'KY1 1JL', 'United Kingdom', 'London', NULL, 'WE NEVER APPLY ANY STICKERS AND THEY DON’T BUY ANY FROM US', NULL, 'A', 'TO LET BDS', '', 1, '2018-12-19 07:59:52', '::1', '{\"REDIRECT_MIBDIRS\":\"C:\\/xampp\\/php\\/extras\\/mibs\",\"REDIRECT_MYSQL_HOME\":\"\\\\xampp\\\\mysql\\\\bin\",\"REDIRECT_OPENSSL_CONF\":\"C:\\/xampp\\/apache\\/bin\\/openssl.cnf\",\"REDIRECT_PHP_PEAR_SYSCONF_DIR\":\"\\\\xampp\\\\php\",\"REDIRECT_PHPRC\":\"\\\\xampp\\\\php\",\"REDIRECT_TMP\":\"\\\\x'),
(164, 'STRUTT & PARKER', NULL, 'edinburgh@struttandparker.com', '$2y$10$GpxESvylXzgQf8FhV6DBfeCZfQD49C1GHKfWwgkmuQE67vrfUYrFy', 'client', '0131 226 2500', NULL, 1, 0, NULL, 'edinburgh@struttandparker.com', '', '', '', '28 MELVILLE STREET', 'EDINBURGH', '', 'EH3 7HA', 'United Kingdom', 'London', '', 'OWN UNDER OFFER & SOLD SUBJECT OVERPLATES WHICH THEY OWN WHITE LETTERS ON RED', '', 'A', 'FSB', '', 1, '2018-12-19 10:52:19', '::1', '{\"REDIRECT_MIBDIRS\":\"C:\\/xampp\\/php\\/extras\\/mibs\",\"REDIRECT_MYSQL_HOME\":\"\\\\xampp\\\\mysql\\\\bin\",\"REDIRECT_OPENSSL_CONF\":\"C:\\/xampp\\/apache\\/bin\\/openssl.cnf\",\"REDIRECT_PHP_PEAR_SYSCONF_DIR\":\"\\\\xampp\\\\php\",\"REDIRECT_PHPRC\":\"\\\\xampp\\\\php\",\"REDIRECT_TMP\":\"\\\\x'),
(165, 'STURROCK ARMSTRONG & THOMSON', NULL, 'property@satsolicitors.co.uk', '$2y$10$U2DZoxNEm0eQUz/gyC1RbeWUqjqGKEEmLwnlmGEzhpw9AZnnUirO6', 'client', '0131 556 0159', NULL, 1, 0, NULL, 'am@satsolicitors.co.uk                   CORRECT', NULL, NULL, '0131 556 2079', '7A DUNDAS STREET', 'EDINBURGH', '', 'EH3 6QG', 'United Kingdom', 'London', NULL, 'OWN SOLD SUB OVERPLATES GREY LETTERS ON YELLOW', NULL, 'A', 'FSB', '', 1, '2018-12-19 07:59:52', '::1', '{\"REDIRECT_MIBDIRS\":\"C:\\/xampp\\/php\\/extras\\/mibs\",\"REDIRECT_MYSQL_HOME\":\"\\\\xampp\\\\mysql\\\\bin\",\"REDIRECT_OPENSSL_CONF\":\"C:\\/xampp\\/apache\\/bin\\/openssl.cnf\",\"REDIRECT_PHP_PEAR_SYSCONF_DIR\":\"\\\\xampp\\\\php\",\"REDIRECT_PHPRC\":\"\\\\xampp\\\\php\",\"REDIRECT_TMP\":\"\\\\x'),
(166, 'TC YOUNG', NULL, 'mail@tcyoung.co.uk', '$2y$10$aQFq2UKdwcvqwPGQIkWxYO136bH2vWSLwgJl7tFjzxx.betIXr.OW', 'client', '0131 220 7660   220 8742 DIRECT DIAL YVONNE', NULL, 1, 0, NULL, '', NULL, NULL, '0131 220 7661', '69A GEORGE STREET', 'EDINBURGH', '', 'EH2 2JG', 'United Kingdom', 'London', NULL, '', NULL, 'A', 'FSB', '', 1, '2018-12-19 07:59:52', '::1', '{\"REDIRECT_MIBDIRS\":\"C:\\/xampp\\/php\\/extras\\/mibs\",\"REDIRECT_MYSQL_HOME\":\"\\\\xampp\\\\mysql\\\\bin\",\"REDIRECT_OPENSSL_CONF\":\"C:\\/xampp\\/apache\\/bin\\/openssl.cnf\",\"REDIRECT_PHP_PEAR_SYSCONF_DIR\":\"\\\\xampp\\\\php\",\"REDIRECT_PHPRC\":\"\\\\xampp\\\\php\",\"REDIRECT_TMP\":\"\\\\x'),
(167, 'THOMAS STEWART', NULL, 'enquires@thomaslgstewart.co,uk', '$2y$10$dPjJprSkh2S6jxh17rE9su7l/nh0gpEhDwm/Q8sp9jVZ4D1YwmFCO', 'client', '0131 229 4939', NULL, 1, 0, NULL, '', NULL, NULL, '', '41 BARCLAY TERRACE', 'EDINBURGH', '', 'EH10 4HW', 'United Kingdom', 'London', NULL, '', NULL, 'A', 'FSB', '', 1, '2018-12-19 07:59:52', '::1', '{\"REDIRECT_MIBDIRS\":\"C:\\/xampp\\/php\\/extras\\/mibs\",\"REDIRECT_MYSQL_HOME\":\"\\\\xampp\\\\mysql\\\\bin\",\"REDIRECT_OPENSSL_CONF\":\"C:\\/xampp\\/apache\\/bin\\/openssl.cnf\",\"REDIRECT_PHP_PEAR_SYSCONF_DIR\":\"\\\\xampp\\\\php\",\"REDIRECT_PHPRC\":\"\\\\xampp\\\\php\",\"REDIRECT_TMP\":\"\\\\x'),
(168, 'THORNTONS ANSTRUTHER', NULL, '', '$2y$10$7YDb6rIZmTr4x3hQlYf7tuyB1aGcIiSMmOpUrffvGUewyn3OZprfy', 'client', '01333 310481', NULL, 1, 0, NULL, '', NULL, NULL, '01334 476862', '1 ST ANDREWS ROAD', 'ANSTRUTHER', '', 'KY10 3HA', 'United Kingdom', 'London', NULL, 'OWN BLUE UNDER OFFER OVERPLATES WITH WHITE LETTERS', NULL, 'A', 'FSB', '', 1, '2018-12-19 07:59:52', '::1', '{\"REDIRECT_MIBDIRS\":\"C:\\/xampp\\/php\\/extras\\/mibs\",\"REDIRECT_MYSQL_HOME\":\"\\\\xampp\\\\mysql\\\\bin\",\"REDIRECT_OPENSSL_CONF\":\"C:\\/xampp\\/apache\\/bin\\/openssl.cnf\",\"REDIRECT_PHP_PEAR_SYSCONF_DIR\":\"\\\\xampp\\\\php\",\"REDIRECT_PHPRC\":\"\\\\xampp\\\\php\",\"REDIRECT_TMP\":\"\\\\x'),
(169, 'THORNTONS CUPAR', NULL, '', '$2y$10$nIBXhyGxs4FdYcgbYAPAKONMlTKtObYTwP6D/bOENOCLHCFSW4bBK', 'client', '01334 656564', NULL, 1, 0, NULL, '', NULL, NULL, '01334 653582', '35 BONNYGATE', 'CUPAR', '', 'KY15 4BU', 'United Kingdom', 'London', NULL, 'OWN OVERPLATES UNDER OFFER WHITE LETTERS ON BLUE BACKGROUND', NULL, 'A', 'FSB', '', 1, '2018-12-19 07:59:52', '::1', '{\"REDIRECT_MIBDIRS\":\"C:\\/xampp\\/php\\/extras\\/mibs\",\"REDIRECT_MYSQL_HOME\":\"\\\\xampp\\\\mysql\\\\bin\",\"REDIRECT_OPENSSL_CONF\":\"C:\\/xampp\\/apache\\/bin\\/openssl.cnf\",\"REDIRECT_PHP_PEAR_SYSCONF_DIR\":\"\\\\xampp\\\\php\",\"REDIRECT_PHPRC\":\"\\\\xampp\\\\php\",\"REDIRECT_TMP\":\"\\\\x'),
(170, 'THORNTONS DUNDEE', NULL, '', '$2y$10$apMfYaQAjM1vXPHPSrfv3Oea9OYUlG51ijVybwJi98skfA55FFmCO', 'client', '', NULL, 1, 0, NULL, '', NULL, NULL, '', '', '', '', '', 'United Kingdom', 'London', NULL, '', NULL, 'A', 'FSB', '', 1, '2018-12-19 07:59:52', '::1', '{\"REDIRECT_MIBDIRS\":\"C:\\/xampp\\/php\\/extras\\/mibs\",\"REDIRECT_MYSQL_HOME\":\"\\\\xampp\\\\mysql\\\\bin\",\"REDIRECT_OPENSSL_CONF\":\"C:\\/xampp\\/apache\\/bin\\/openssl.cnf\",\"REDIRECT_PHP_PEAR_SYSCONF_DIR\":\"\\\\xampp\\\\php\",\"REDIRECT_PHPRC\":\"\\\\xampp\\\\php\",\"REDIRECT_TMP\":\"\\\\x'),
(171, 'THORNTONS EDINBURGH', NULL, '', '$2y$10$6oYfOiMK9Fxu3ITMkrKhR.g..gNORgYtltSAjQhIrQXlNMyxkdbnK', 'client', '0131 225 8705', NULL, 1, 0, NULL, '', NULL, NULL, '', '13 MELVILLE STREET', '', '', 'EH03 7PE', 'United Kingdom', 'London', NULL, 'OWN OVERPLATES UNDER OFFER WHITE LETTERS ON BLUE BACKGROUND', NULL, 'A', 'FSB', '', 1, '2018-12-19 07:59:52', '::1', '{\"REDIRECT_MIBDIRS\":\"C:\\/xampp\\/php\\/extras\\/mibs\",\"REDIRECT_MYSQL_HOME\":\"\\\\xampp\\\\mysql\\\\bin\",\"REDIRECT_OPENSSL_CONF\":\"C:\\/xampp\\/apache\\/bin\\/openssl.cnf\",\"REDIRECT_PHP_PEAR_SYSCONF_DIR\":\"\\\\xampp\\\\php\",\"REDIRECT_PHPRC\":\"\\\\xampp\\\\php\",\"REDIRECT_TMP\":\"\\\\x'),
(172, 'THORNTONS KIRKCALDY', NULL, 'same as Thorntons other invoices', '$2y$10$a01W0vWupXoqquez5d/f2uNBY1q2tfPRHSHqpSOMcd1GXVDc0Nxgm', 'client', '01592 803 400', NULL, 1, 0, NULL, 'same as Thorntons other invoices', NULL, NULL, '', '', '', '', '', 'United Kingdom', 'London', NULL, 'OWN OVERPLATES UNDER OFFER WHITE LETTERS ON BLUE BACKGROUND', NULL, 'A', 'FSB', '', 1, '2018-12-19 07:59:52', '::1', '{\"REDIRECT_MIBDIRS\":\"C:\\/xampp\\/php\\/extras\\/mibs\",\"REDIRECT_MYSQL_HOME\":\"\\\\xampp\\\\mysql\\\\bin\",\"REDIRECT_OPENSSL_CONF\":\"C:\\/xampp\\/apache\\/bin\\/openssl.cnf\",\"REDIRECT_PHP_PEAR_SYSCONF_DIR\":\"\\\\xampp\\\\php\",\"REDIRECT_PHPRC\":\"\\\\xampp\\\\php\",\"REDIRECT_TMP\":\"\\\\x'),
(173, 'THORNTONS LETTING', NULL, '', '$2y$10$DnvsRgmUls2sNt6jEkZdbu7wEJ6s/2h5HrymX9lhdSB/61gLKIz/i', 'client', '01334 474455', NULL, 1, 0, NULL, '', NULL, NULL, '', '', '', '', '', 'United Kingdom', 'London', NULL, '', NULL, 'A', 'TO LET', '', 1, '2018-12-19 07:59:52', '::1', '{\"REDIRECT_MIBDIRS\":\"C:\\/xampp\\/php\\/extras\\/mibs\",\"REDIRECT_MYSQL_HOME\":\"\\\\xampp\\\\mysql\\\\bin\",\"REDIRECT_OPENSSL_CONF\":\"C:\\/xampp\\/apache\\/bin\\/openssl.cnf\",\"REDIRECT_PHP_PEAR_SYSCONF_DIR\":\"\\\\xampp\\\\php\",\"REDIRECT_PHPRC\":\"\\\\xampp\\\\php\",\"REDIRECT_TMP\":\"\\\\x'),
(174, 'THORNTONS PERTH', NULL, 'gfindlay@thorntons-law.co.uk', '$2y$10$sJ39LDjIVEbXTTnyWra0V.Bwj/fHUe/EzkXl8NoaGTkFjuZZxkulW', 'client', '01738 443456', NULL, 1, 0, NULL, 'gfindlay@thorntons-law.co.uk', NULL, NULL, '', '17-21 GEORGE STREET', 'PERTH', '', 'PH1 5JY', 'United Kingdom', 'London', NULL, '', NULL, 'A', 'FSB', '', 1, '2018-12-19 07:59:52', '::1', '{\"REDIRECT_MIBDIRS\":\"C:\\/xampp\\/php\\/extras\\/mibs\",\"REDIRECT_MYSQL_HOME\":\"\\\\xampp\\\\mysql\\\\bin\",\"REDIRECT_OPENSSL_CONF\":\"C:\\/xampp\\/apache\\/bin\\/openssl.cnf\",\"REDIRECT_PHP_PEAR_SYSCONF_DIR\":\"\\\\xampp\\\\php\",\"REDIRECT_PHPRC\":\"\\\\xampp\\\\php\",\"REDIRECT_TMP\":\"\\\\x'),
(175, 'THORNTONS ST ANDREWS', NULL, 'Cashroom@murraydonald.co.uk', '$2y$10$HrQuFdKZ0jL5rZnb18aeJuJ0fMyhtfx3OnNQa.25CVjK07HyJ5mQu', 'client', '01334 474200', NULL, 1, 0, NULL, 'Cashroom@murraydonald.co.uk', NULL, NULL, '01334 476862', 'KINBURN CASTLE', 'ST ANDREWS', '', 'KY16 9DR', 'United Kingdom', 'London', NULL, 'OWN UNDER OFFER OVERPLATES', NULL, 'A', 'FSB', '17-21 BELL STREET IS THEIR PROPERTY OFFICE', 1, '2018-12-19 07:59:52', '::1', '{\"REDIRECT_MIBDIRS\":\"C:\\/xampp\\/php\\/extras\\/mibs\",\"REDIRECT_MYSQL_HOME\":\"\\\\xampp\\\\mysql\\\\bin\",\"REDIRECT_OPENSSL_CONF\":\"C:\\/xampp\\/apache\\/bin\\/openssl.cnf\",\"REDIRECT_PHP_PEAR_SYSCONF_DIR\":\"\\\\xampp\\\\php\",\"REDIRECT_PHPRC\":\"\\\\xampp\\\\php\",\"REDIRECT_TMP\":\"\\\\x'),
(176, 'TRAQUIAR LETTINGS', NULL, '', '$2y$10$nw8esVP/aKcgTyIAo2QLGeDr7jk.SEfi7TnO/bOWSFM9/omGoZQ/O', 'client', '0131 510 8283', NULL, 1, 0, NULL, '', NULL, NULL, '', '', '', '', '', 'United Kingdom', 'London', NULL, '', NULL, 'A', 'TO LET BD', '', 1, '2018-12-19 07:59:52', '::1', '{\"REDIRECT_MIBDIRS\":\"C:\\/xampp\\/php\\/extras\\/mibs\",\"REDIRECT_MYSQL_HOME\":\"\\\\xampp\\\\mysql\\\\bin\",\"REDIRECT_OPENSSL_CONF\":\"C:\\/xampp\\/apache\\/bin\\/openssl.cnf\",\"REDIRECT_PHP_PEAR_SYSCONF_DIR\":\"\\\\xampp\\\\php\",\"REDIRECT_PHPRC\":\"\\\\xampp\\\\php\",\"REDIRECT_TMP\":\"\\\\x'),
(177, 'TRUSCOTT PROPERTY', NULL, 'stephen@truscottproperty.com', '$2y$10$j1LmIHbvmLXF/Lfl7SAVJuUL9MEF.oCKASNljMoHU7QOstEpDEP0K', 'client', '07976 238 975/0131 478 3500', NULL, 1, 0, NULL, '', NULL, NULL, '', '133 CRAIGLEA DRIVE', '', 'EDINBURGH', 'EH10 5PP', 'United Kingdom', 'London', NULL, 'UNDER OFFER STICKERS (STOCK STICKERS) WHITE LETTERS ON RED BACKGROUND', NULL, 'A', 'FSB', '', 1, '2018-12-19 07:59:52', '::1', '{\"REDIRECT_MIBDIRS\":\"C:\\/xampp\\/php\\/extras\\/mibs\",\"REDIRECT_MYSQL_HOME\":\"\\\\xampp\\\\mysql\\\\bin\",\"REDIRECT_OPENSSL_CONF\":\"C:\\/xampp\\/apache\\/bin\\/openssl.cnf\",\"REDIRECT_PHP_PEAR_SYSCONF_DIR\":\"\\\\xampp\\\\php\",\"REDIRECT_PHPRC\":\"\\\\xampp\\\\php\",\"REDIRECT_TMP\":\"\\\\x'),
(178, 'TSG LETTING SERVICES', NULL, 'h.brown3@btconnect.com', '$2y$10$G/EzYiNrBunF19weR8nTOeekt1CnTmZvf2D2qJ4Q8lzvRNU29yLUy', 'client', '0131 653 3337    07956 095 233', NULL, 1, 0, NULL, 'h.brown3@btconnect.com', NULL, NULL, '', '25 BRIDGE STREET', 'MUSSELBURGH', '', 'EH21 6AA', 'United Kingdom', 'London', NULL, '', NULL, 'A', 'TO LET BD', 'BOARDS HAVE A PURPLE BAND ACROSS THEM (MOST RECENT VERSION)', 1, '2018-12-19 07:59:52', '::1', '{\"REDIRECT_MIBDIRS\":\"C:\\/xampp\\/php\\/extras\\/mibs\",\"REDIRECT_MYSQL_HOME\":\"\\\\xampp\\\\mysql\\\\bin\",\"REDIRECT_OPENSSL_CONF\":\"C:\\/xampp\\/apache\\/bin\\/openssl.cnf\",\"REDIRECT_PHP_PEAR_SYSCONF_DIR\":\"\\\\xampp\\\\php\",\"REDIRECT_PHPRC\":\"\\\\xampp\\\\php\",\"REDIRECT_TMP\":\"\\\\x'),
(179, 'URQUHARTS', NULL, 'enquiries@urquharts.co.uk', '$2y$10$0WIpt7ca88OQ/Rylf2cgMejG2F0nPERCJsFaBz/x0AQa0WLJ3J/hC', 'client', '0131 556 2896', NULL, 1, 0, NULL, 'charlie@urquharts.co.uk', NULL, NULL, '0131 556 0046', '16 HERIOT ROW', 'EDINBURGH', '', 'EH3 6HR', 'United Kingdom', 'London', NULL, 'UNDER OFFER STICKERS BLACK WITH GOLD LETTERS', NULL, 'A', 'FSB', '', 1, '2018-12-19 07:59:52', '::1', '{\"REDIRECT_MIBDIRS\":\"C:\\/xampp\\/php\\/extras\\/mibs\",\"REDIRECT_MYSQL_HOME\":\"\\\\xampp\\\\mysql\\\\bin\",\"REDIRECT_OPENSSL_CONF\":\"C:\\/xampp\\/apache\\/bin\\/openssl.cnf\",\"REDIRECT_PHP_PEAR_SYSCONF_DIR\":\"\\\\xampp\\\\php\",\"REDIRECT_PHPRC\":\"\\\\xampp\\\\php\",\"REDIRECT_TMP\":\"\\\\x'),
(180, 'VMH CLERK ST', NULL, 'property@vmh.co.uk', '$2y$10$2dZcpHiYW8R/OG4JXgPKNupHD04jvxDCjCPB.lTjgc0bowIcG6UiS', 'client', '0131 661 5911 EASTER OFFICE/ 0131 622 2626 SOUTH CLERK STREET', NULL, 1, 0, NULL, 'anne.rhead@vmh.co.uk', NULL, NULL, '0131 622 2627', '10 STH CLERK ST', 'EDINBURGH', '', 'EH8 9JD', 'United Kingdom', 'London', NULL, 'OWN SOLD SUBJECT OVERPLATES WHITE LETTERS RED BACKGROUND/SMALL FIXED PRICE WHITE BACKGROUND RED LETT', NULL, 'A', 'FSB', '', 1, '2018-12-19 07:59:52', '::1', '{\"REDIRECT_MIBDIRS\":\"C:\\/xampp\\/php\\/extras\\/mibs\",\"REDIRECT_MYSQL_HOME\":\"\\\\xampp\\\\mysql\\\\bin\",\"REDIRECT_OPENSSL_CONF\":\"C:\\/xampp\\/apache\\/bin\\/openssl.cnf\",\"REDIRECT_PHP_PEAR_SYSCONF_DIR\":\"\\\\xampp\\\\php\",\"REDIRECT_PHPRC\":\"\\\\xampp\\\\php\",\"REDIRECT_TMP\":\"\\\\x'),
(181, 'WARNERS', NULL, 'aanderson@warnersol.com or ngaylor@warnersol.com', '$2y$10$zZCziixP1n76IfnascyHw.VCTWfm7srJ8Au2YnGOwkJ7t/M8Y6wSu', 'client', '0131 667 0232    668 0444 HOLLY', NULL, 1, 0, NULL, 'propertyadmin@warnersllp.com  AND cc: gallen@warnersllp.com', NULL, NULL, '0131 477 3533', '24 ST PATRICKS SQUARE', 'EDINBURGH', '', 'EH8 9EY', 'United Kingdom', 'London', NULL, 'main e mail address is property@warnersol.com (goes to all staff in admin) THEY BUY BUNDLES OF SOLD ', NULL, 'A', 'FSB', '', 1, '2018-12-19 07:59:52', '::1', '{\"REDIRECT_MIBDIRS\":\"C:\\/xampp\\/php\\/extras\\/mibs\",\"REDIRECT_MYSQL_HOME\":\"\\\\xampp\\\\mysql\\\\bin\",\"REDIRECT_OPENSSL_CONF\":\"C:\\/xampp\\/apache\\/bin\\/openssl.cnf\",\"REDIRECT_PHP_PEAR_SYSCONF_DIR\":\"\\\\xampp\\\\php\",\"REDIRECT_PHPRC\":\"\\\\xampp\\\\php\",\"REDIRECT_TMP\":\"\\\\x'),
(182, 'WATT LETTING', NULL, 'pauline.smith@wattproperty.co.uk', '$2y$10$PYj3qkBOSVPbXvyZHjbYFuuY8dz37vL2njoEjjJzYwMoSP6uIHxKa', 'client', '0131 555 2777', NULL, 1, 0, NULL, 'pauline.smith@wattproperty.co.uk', NULL, NULL, '', '5a GILES STREET\n EDINBURGH', '', '', 'EH6 6DJ', 'United Kingdom', 'London', NULL, 'OWN OVERPLATES APPLE GREEN WITH WHITE LETTERS ONE SIDE SAYS \"SORRY NOW LET\" ONE SIDE SAYS \"SORRY NOW', NULL, 'A', 'TO LET BD', '', 1, '2018-12-19 07:59:52', '::1', '{\"REDIRECT_MIBDIRS\":\"C:\\/xampp\\/php\\/extras\\/mibs\",\"REDIRECT_MYSQL_HOME\":\"\\\\xampp\\\\mysql\\\\bin\",\"REDIRECT_OPENSSL_CONF\":\"C:\\/xampp\\/apache\\/bin\\/openssl.cnf\",\"REDIRECT_PHP_PEAR_SYSCONF_DIR\":\"\\\\xampp\\\\php\",\"REDIRECT_PHPRC\":\"\\\\xampp\\\\php\",\"REDIRECT_TMP\":\"\\\\x'),
(183, 'WATT PROPERTIES', NULL, 'pauline.smith@wattproperty.co.uk', '$2y$10$ap7DQV1FofMMq8DmNbOX5ukw/hGwps2Cykeh2agGJGLHtmdA18cuO', 'client', '0131 555 2777', NULL, 1, 0, NULL, 'pauling.smith@wattproperty.co.uk', NULL, NULL, '', '5a GILES STREET\n EDINBURGH', '', '', 'EH6 6DJ', 'United Kingdom', 'London', NULL, 'OWN OVERPLATES APPLE GREEN WITH WHITE LETTERS ONE SIDE SAYS \"SORRY NOW SOLD\" ONE SIDE SAYS \"SORRY NO', NULL, 'A', 'FSB', '', 1, '2018-12-19 07:59:52', '::1', '{\"REDIRECT_MIBDIRS\":\"C:\\/xampp\\/php\\/extras\\/mibs\",\"REDIRECT_MYSQL_HOME\":\"\\\\xampp\\\\mysql\\\\bin\",\"REDIRECT_OPENSSL_CONF\":\"C:\\/xampp\\/apache\\/bin\\/openssl.cnf\",\"REDIRECT_PHP_PEAR_SYSCONF_DIR\":\"\\\\xampp\\\\php\",\"REDIRECT_PHPRC\":\"\\\\xampp\\\\php\",\"REDIRECT_TMP\":\"\\\\x'),
(184, 'WILSONS', NULL, 'admin@tlwilson.co.uk', '$2y$10$3LuHWrwKk7EugXSYYcnO3u1KqpTB.hRX6VZYjK.glwKd6XOQUNm3e', 'client', '01383 418999', NULL, 1, 0, NULL, '', NULL, NULL, '01383 428777', '25 HIGH STREET', 'INVERKEITHING', 'FIFE', 'KY11 1NL', 'United Kingdom', 'London', NULL, '', NULL, 'A', 'FSB', '', 1, '2018-12-19 07:59:52', '::1', '{\"REDIRECT_MIBDIRS\":\"C:\\/xampp\\/php\\/extras\\/mibs\",\"REDIRECT_MYSQL_HOME\":\"\\\\xampp\\\\mysql\\\\bin\",\"REDIRECT_OPENSSL_CONF\":\"C:\\/xampp\\/apache\\/bin\\/openssl.cnf\",\"REDIRECT_PHP_PEAR_SYSCONF_DIR\":\"\\\\xampp\\\\php\",\"REDIRECT_PHPRC\":\"\\\\xampp\\\\php\",\"REDIRECT_TMP\":\"\\\\x'),
(185, 'WILSONWARD LLP', NULL, 'admin@wilsonward.co.uk', '$2y$10$bhpkOwXYJ4cddg.dNtEGd.sydT0L9AeCrR9MBYjHDZcJIvU/xA3Nu', 'client', '0131 467 7550', NULL, 0, 0, NULL, 'admin@wilsonward.co.uk', NULL, NULL, '0131 467 7550', '131 NEWHAVEN ROAD\n EDINBURGH', '', '', 'EH6 4NP', 'United Kingdom', 'London', NULL, '', NULL, 'A', 'FSB', 'NEW NAME FOR DUNCAN AND WALLACE', 1, '2018-12-19 07:59:52', '::1', '{\"REDIRECT_MIBDIRS\":\"C:\\/xampp\\/php\\/extras\\/mibs\",\"REDIRECT_MYSQL_HOME\":\"\\\\xampp\\\\mysql\\\\bin\",\"REDIRECT_OPENSSL_CONF\":\"C:\\/xampp\\/apache\\/bin\\/openssl.cnf\",\"REDIRECT_PHP_PEAR_SYSCONF_DIR\":\"\\\\xampp\\\\php\",\"REDIRECT_PHPRC\":\"\\\\xampp\\\\php\",\"REDIRECT_TMP\":\"\\\\x'),
(186, 'WATERMANS', NULL, 'info@propertywright.com', '$2y$10$oakKRRO7WBQh9woQbIwLcOyvB4lVpcRl9.treAJD07I1zm7rIQTqa', 'client', '0131 467 5566', NULL, 1, 0, NULL, 'kirsten@propertywright.com', NULL, NULL, '0131 467 3344', 'UNIT 5    5 GILES ST                                  EDINBURGH', '5 GILES STREET', 'EDINBURGH', 'EH6 6DJ', 'United Kingdom', 'London', NULL, 'UNDER OFFER RED LETTERS AND SOLD STICKERS  NO PARTICULAR COLOUR OUR STOCK STICKERS USED', NULL, 'A', 'FSB', '', 1, '2018-12-19 07:59:52', '::1', '{\"REDIRECT_MIBDIRS\":\"C:\\/xampp\\/php\\/extras\\/mibs\",\"REDIRECT_MYSQL_HOME\":\"\\\\xampp\\\\mysql\\\\bin\",\"REDIRECT_OPENSSL_CONF\":\"C:\\/xampp\\/apache\\/bin\\/openssl.cnf\",\"REDIRECT_PHP_PEAR_SYSCONF_DIR\":\"\\\\xampp\\\\php\",\"REDIRECT_PHPRC\":\"\\\\xampp\\\\php\",\"REDIRECT_TMP\":\"\\\\x'),
(187, 'WILLIAMS GRAY WILLIAMS', NULL, '', '$2y$10$n1/mCLt7NwFMsGy4kMeBc.YPta8hSQVoASnoCYz3gzxhLO6UD2FgS', 'client', '01334 656 644', NULL, 1, 0, NULL, '', NULL, NULL, '', '', '', '', '', 'United Kingdom', 'London', NULL, '', NULL, 'A', 'TO LET BD', '', 1, '2018-12-19 07:59:52', '::1', '{\"REDIRECT_MIBDIRS\":\"C:\\/xampp\\/php\\/extras\\/mibs\",\"REDIRECT_MYSQL_HOME\":\"\\\\xampp\\\\mysql\\\\bin\",\"REDIRECT_OPENSSL_CONF\":\"C:\\/xampp\\/apache\\/bin\\/openssl.cnf\",\"REDIRECT_PHP_PEAR_SYSCONF_DIR\":\"\\\\xampp\\\\php\",\"REDIRECT_PHPRC\":\"\\\\xampp\\\\php\",\"REDIRECT_TMP\":\"\\\\x'),
(188, 'Nasir Test', NULL, 'nasir@gmail.com', '$2y$10$7bya7Ht1Y6eiMGr.O1ylde6P.YYBrTyMggM3r3WR18tp4Y/z4Nh0q', 'client', '', NULL, 1, 0, 1, '', NULL, NULL, '', '', '', '', '', 'United Kingdom', 'London', NULL, '', NULL, 'A', '', '', 1, '2018-12-19 07:59:52', '::1', '{\"REDIRECT_MIBDIRS\":\"C:\\/xampp\\/php\\/extras\\/mibs\",\"REDIRECT_MYSQL_HOME\":\"\\\\xampp\\\\mysql\\\\bin\",\"REDIRECT_OPENSSL_CONF\":\"C:\\/xampp\\/apache\\/bin\\/openssl.cnf\",\"REDIRECT_PHP_PEAR_SYSCONF_DIR\":\"\\\\xampp\\\\php\",\"REDIRECT_PHPRC\":\"\\\\xampp\\\\php\",\"REDIRECT_TMP\":\"\\\\x'),
(192, 'Alec', NULL, NULL, '$2y$10$CgWk9cqaxFAkTBxe3reT1ufaBmSk1RFVE8GEyZCmFJfOFGpF/AFBm', 'fitter', NULL, NULL, 1, 0, NULL, NULL, NULL, NULL, NULL, NULL, NULL, NULL, NULL, NULL, NULL, NULL, NULL, NULL, 'A', NULL, NULL, 1, '2018-12-19 11:00:30', '::1', '{\"REDIRECT_MIBDIRS\":\"C:\\/xampp\\/php\\/extras\\/mibs\",\"REDIRECT_MYSQL_HOME\":\"\\\\xampp\\\\mysql\\\\bin\",\"REDIRECT_OPENSSL_CONF\":\"C:\\/xampp\\/apache\\/bin\\/openssl.cnf\",\"REDIRECT_PHP_PEAR_SYSCONF_DIR\":\"\\\\xampp\\\\php\",\"REDIRECT_PHPRC\":\"\\\\xampp\\\\php\",\"REDIRECT_TMP\":\"\\\\x'),
(193, 'Andrew', NULL, NULL, '$2y$10$qlL15nOOsKEE8ummvJT5Seq58A0ELSX3EgKS405AwLzclDCUToY22', 'fitter', NULL, NULL, 1, 0, NULL, NULL, NULL, NULL, NULL, NULL, NULL, NULL, NULL, NULL, NULL, NULL, NULL, NULL, 'A', NULL, NULL, 1, '2018-12-19 11:00:30', '::1', '{\"REDIRECT_MIBDIRS\":\"C:\\/xampp\\/php\\/extras\\/mibs\",\"REDIRECT_MYSQL_HOME\":\"\\\\xampp\\\\mysql\\\\bin\",\"REDIRECT_OPENSSL_CONF\":\"C:\\/xampp\\/apache\\/bin\\/openssl.cnf\",\"REDIRECT_PHP_PEAR_SYSCONF_DIR\":\"\\\\xampp\\\\php\",\"REDIRECT_PHPRC\":\"\\\\xampp\\\\php\",\"REDIRECT_TMP\":\"\\\\x'),
(194, 'Darren', NULL, NULL, '$2y$10$LrNvNrWTKmA6SoHunMVgE.3rhIHiHX6hN8PNzoxO7MPnsK80WeuuW', 'fitter', NULL, NULL, 1, 0, NULL, NULL, NULL, NULL, NULL, NULL, NULL, NULL, NULL, NULL, NULL, NULL, NULL, NULL, 'A', NULL, NULL, 1, '2018-12-19 11:00:31', '::1', '{\"REDIRECT_MIBDIRS\":\"C:\\/xampp\\/php\\/extras\\/mibs\",\"REDIRECT_MYSQL_HOME\":\"\\\\xampp\\\\mysql\\\\bin\",\"REDIRECT_OPENSSL_CONF\":\"C:\\/xampp\\/apache\\/bin\\/openssl.cnf\",\"REDIRECT_PHP_PEAR_SYSCONF_DIR\":\"\\\\xampp\\\\php\",\"REDIRECT_PHPRC\":\"\\\\xampp\\\\php\",\"REDIRECT_TMP\":\"\\\\x'),
(195, 'NOEL', NULL, NULL, '$2y$10$e7Pz61Yh7O9tLHE3pBoRHu7oKs3WWJYjzOVxB0ow4r.CnKgWYR.dy', 'fitter', NULL, NULL, 1, 0, NULL, NULL, NULL, NULL, NULL, NULL, NULL, NULL, NULL, NULL, NULL, NULL, NULL, NULL, 'A', NULL, NULL, 1, '2018-12-19 11:00:31', '::1', '{\"REDIRECT_MIBDIRS\":\"C:\\/xampp\\/php\\/extras\\/mibs\",\"REDIRECT_MYSQL_HOME\":\"\\\\xampp\\\\mysql\\\\bin\",\"REDIRECT_OPENSSL_CONF\":\"C:\\/xampp\\/apache\\/bin\\/openssl.cnf\",\"REDIRECT_PHP_PEAR_SYSCONF_DIR\":\"\\\\xampp\\\\php\",\"REDIRECT_PHPRC\":\"\\\\xampp\\\\php\",\"REDIRECT_TMP\":\"\\\\x'),
(196, 'Steve', NULL, NULL, '$2y$10$Fd4y7UJVGarDalQDrsx4X.BETvOl9hX0q3AYhTmranPtpT0vlLiDK', 'fitter', NULL, NULL, 1, 0, NULL, NULL, NULL, NULL, NULL, NULL, NULL, NULL, NULL, NULL, NULL, NULL, NULL, NULL, 'A', NULL, NULL, 1, '2018-12-19 11:00:31', '::1', '{\"REDIRECT_MIBDIRS\":\"C:\\/xampp\\/php\\/extras\\/mibs\",\"REDIRECT_MYSQL_HOME\":\"\\\\xampp\\\\mysql\\\\bin\",\"REDIRECT_OPENSSL_CONF\":\"C:\\/xampp\\/apache\\/bin\\/openssl.cnf\",\"REDIRECT_PHP_PEAR_SYSCONF_DIR\":\"\\\\xampp\\\\php\",\"REDIRECT_PHPRC\":\"\\\\xampp\\\\php\",\"REDIRECT_TMP\":\"\\\\x'),
(197, 'Alan Quayle', NULL, NULL, '$2y$10$5EUHu6YyNlzQeQepXFPKJeyAS5pB7imd2KyyqcMQg9ShhgZPsoNea', 'fitter', NULL, NULL, 1, 0, NULL, NULL, NULL, NULL, NULL, NULL, NULL, NULL, NULL, NULL, NULL, NULL, NULL, NULL, 'A', NULL, NULL, 1, '2018-12-19 11:00:31', '::1', '{\"REDIRECT_MIBDIRS\":\"C:\\/xampp\\/php\\/extras\\/mibs\",\"REDIRECT_MYSQL_HOME\":\"\\\\xampp\\\\mysql\\\\bin\",\"REDIRECT_OPENSSL_CONF\":\"C:\\/xampp\\/apache\\/bin\\/openssl.cnf\",\"REDIRECT_PHP_PEAR_SYSCONF_DIR\":\"\\\\xampp\\\\php\",\"REDIRECT_PHPRC\":\"\\\\xampp\\\\php\",\"REDIRECT_TMP\":\"\\\\x'),
(198, 'OFFICE', NULL, NULL, '$2y$10$pPnqsaDnNTBBo8oT1jURye.mnK7TyyRHE6dZ0su/akyc9YX92r8Na', 'fitter', NULL, NULL, 1, 0, NULL, NULL, NULL, NULL, NULL, NULL, NULL, NULL, NULL, NULL, NULL, NULL, NULL, NULL, 'A', NULL, NULL, 1, '2018-12-19 11:00:31', '::1', '{\"REDIRECT_MIBDIRS\":\"C:\\/xampp\\/php\\/extras\\/mibs\",\"REDIRECT_MYSQL_HOME\":\"\\\\xampp\\\\mysql\\\\bin\",\"REDIRECT_OPENSSL_CONF\":\"C:\\/xampp\\/apache\\/bin\\/openssl.cnf\",\"REDIRECT_PHP_PEAR_SYSCONF_DIR\":\"\\\\xampp\\\\php\",\"REDIRECT_PHPRC\":\"\\\\xampp\\\\php\",\"REDIRECT_TMP\":\"\\\\x'),
(199, 'John', NULL, NULL, '$2y$10$q4.0bdFZuYjsA0EKqmoy5.Zrqmiy6aiDXo5A7rMcrMh0oLEmpTD2O', 'fitter', NULL, NULL, 1, 0, NULL, NULL, NULL, NULL, NULL, NULL, NULL, NULL, NULL, NULL, NULL, NULL, NULL, NULL, 'A', NULL, NULL, 1, '2018-12-19 11:00:31', '::1', '{\"REDIRECT_MIBDIRS\":\"C:\\/xampp\\/php\\/extras\\/mibs\",\"REDIRECT_MYSQL_HOME\":\"\\\\xampp\\\\mysql\\\\bin\",\"REDIRECT_OPENSSL_CONF\":\"C:\\/xampp\\/apache\\/bin\\/openssl.cnf\",\"REDIRECT_PHP_PEAR_SYSCONF_DIR\":\"\\\\xampp\\\\php\",\"REDIRECT_PHPRC\":\"\\\\xampp\\\\php\",\"REDIRECT_TMP\":\"\\\\x'),
(200, 'WENDY', NULL, NULL, '$2y$10$qrefUKOPn0oc0jYn9Yr21eRdwkf57GjliP6PSwP9kh6.ZQRQKty2K', 'fitter', NULL, NULL, 1, 0, NULL, NULL, NULL, NULL, NULL, NULL, NULL, NULL, NULL, NULL, NULL, NULL, NULL, NULL, 'A', NULL, NULL, 1, '2018-12-19 11:00:31', '::1', '{\"REDIRECT_MIBDIRS\":\"C:\\/xampp\\/php\\/extras\\/mibs\",\"REDIRECT_MYSQL_HOME\":\"\\\\xampp\\\\mysql\\\\bin\",\"REDIRECT_OPENSSL_CONF\":\"C:\\/xampp\\/apache\\/bin\\/openssl.cnf\",\"REDIRECT_PHP_PEAR_SYSCONF_DIR\":\"\\\\xampp\\\\php\",\"REDIRECT_PHPRC\":\"\\\\xampp\\\\php\",\"REDIRECT_TMP\":\"\\\\x'),
(202, 'BILLY', NULL, NULL, '$2y$10$ENEG37y12Uh7hWskgM1ko.vs2DrfqHkeOsEKJHs3KXe3UmVaXpOiq', 'fitter', NULL, NULL, 1, 0, NULL, NULL, NULL, NULL, NULL, NULL, NULL, NULL, NULL, NULL, NULL, NULL, NULL, NULL, 'A', NULL, NULL, 1, '2018-12-19 11:00:31', '::1', '{\"REDIRECT_MIBDIRS\":\"C:\\/xampp\\/php\\/extras\\/mibs\",\"REDIRECT_MYSQL_HOME\":\"\\\\xampp\\\\mysql\\\\bin\",\"REDIRECT_OPENSSL_CONF\":\"C:\\/xampp\\/apache\\/bin\\/openssl.cnf\",\"REDIRECT_PHP_PEAR_SYSCONF_DIR\":\"\\\\xampp\\\\php\",\"REDIRECT_PHPRC\":\"\\\\xampp\\\\php\",\"REDIRECT_TMP\":\"\\\\x'),
(204, 'Clark', NULL, NULL, '$2y$10$crCExkfTIIoO1om0UN7ptOqsnFgkTIvZBCrSfjR275YHruS/BCoTG', 'fitter', NULL, NULL, 1, 0, NULL, NULL, NULL, NULL, NULL, NULL, NULL, NULL, NULL, NULL, NULL, NULL, NULL, NULL, 'A', NULL, NULL, 1, '2018-12-19 11:00:31', '::1', '{\"REDIRECT_MIBDIRS\":\"C:\\/xampp\\/php\\/extras\\/mibs\",\"REDIRECT_MYSQL_HOME\":\"\\\\xampp\\\\mysql\\\\bin\",\"REDIRECT_OPENSSL_CONF\":\"C:\\/xampp\\/apache\\/bin\\/openssl.cnf\",\"REDIRECT_PHP_PEAR_SYSCONF_DIR\":\"\\\\xampp\\\\php\",\"REDIRECT_PHPRC\":\"\\\\xampp\\\\php\",\"REDIRECT_TMP\":\"\\\\x'),
(205, 'DODE', NULL, NULL, '$2y$10$9brTtYqCIAd5x/ZnNrf0..KF93HG6lqJG1Rtn5NEGx3rfiX8pCE0G', 'fitter', NULL, NULL, 1, 0, NULL, NULL, NULL, NULL, NULL, NULL, NULL, NULL, NULL, NULL, NULL, NULL, NULL, NULL, 'A', NULL, NULL, 1, '2018-12-19 11:00:32', '::1', '{\"REDIRECT_MIBDIRS\":\"C:\\/xampp\\/php\\/extras\\/mibs\",\"REDIRECT_MYSQL_HOME\":\"\\\\xampp\\\\mysql\\\\bin\",\"REDIRECT_OPENSSL_CONF\":\"C:\\/xampp\\/apache\\/bin\\/openssl.cnf\",\"REDIRECT_PHP_PEAR_SYSCONF_DIR\":\"\\\\xampp\\\\php\",\"REDIRECT_PHPRC\":\"\\\\xampp\\\\php\",\"REDIRECT_TMP\":\"\\\\x'),
(206, 'nasir', 'M', 'nasirkhilji10@gmail.com', '$2y$10$j/8ddfXPVa803qc5oc0fK.MbTsMA5CQii3Po.Y3AJ04uklyXgDNLC', 'admin', '03369001150', NULL, 1, 1, 1, NULL, NULL, NULL, NULL, NULL, NULL, NULL, NULL, NULL, NULL, NULL, NULL, NULL, NULL, NULL, NULL, NULL, NULL, NULL, NULL),
(209, 'Abeirdein Considine', NULL, 'kmacmillan@acandco.com', '$2y$10$u9z9/077ygOTbkNLG4KkveVuBX7BG0Nmb6qUfS8mbGUEwbWWDDvCW', 'client', '0131 222 9000', NULL, 1, 0, NULL, 'kmacmillan@acandco.com', NULL, '0131 222 9000', '', '44 Elm Row, Edinburgh EH7 4AH, UK', '44', '', 'EH7 4AH', 'United Kingdom', 'Edinburgh', '', 'OVERPLATES', NULL, 'A', 'FSB', '', 1, '2020-01-30 15:02:58', '94.173.241.70', NULL),
(210, 'BRAEMORE LETTING', NULL, 'Rachel.MacDonell@braemore.co.uk', '$2y$10$QnH0xWXCkCUPYKNNEiLdqOHLyDDg5KnfdPaIpE6B1h..Wn380JdpW', 'client', '0131624 666', NULL, 1, 0, NULL, 'Rachel.MacDonell@braemore.co.uk', NULL, '0131 624 6666', '', '92 MORNINGSIDE ROAD', '92 MORNINGSIDE ROAD', '', 'EH10 4BY', 'United Kingdom', 'EDINBURGH', '', 'OWN OVERPLATES', NULL, 'B', 'FSB', '', 1, '2020-02-24 15:52:27', '94.173.241.70', NULL),
(211, 'SIMPSON MARWICK EDIN', NULL, 'simon.donaldson@simpmar.com', '$2y$10$iAzj1JIEdMT.9gsic52yre7SRUTDA1uOonlZIojRQAKTVQXfTXHsS', 'client', '0131 525 8600', NULL, 1, 0, NULL, 'simon.donaldson@simpmar.com', NULL, '0131 525 8600', '0131 525 8650', 'Albany House, 58 Albany St, Edinburgh EH1 3QR, UK', '58', '', 'EH1 3QR', 'United Kingdom', 'Edinburgh', '', 'OWN OVERPLATES', NULL, 'B', 'FSB', '', 1, '2020-02-25 15:47:05', '94.173.241.70', NULL),
(212, 'THE FLAT COMPANY', NULL, 'JD@saltouns.com', '$2y$10$wZ0jnshGe7hOBSLVh8jVPOKwE8Xk.zBIlUUK2HAYNk6EEZAnvTjiy', 'client', '0131 226 7733', NULL, 1, 0, NULL, 'JD@saltouns.com', NULL, '0131 226 7733', '', '61 Queen St, Edinburgh EH2 4NA, UK', '61a QUEEN STREET', '', 'EH2 4NA', 'United Kingdom', 'Edinburgh', '', 'OVERPLATES', NULL, 'B', 'FSB', '', 1, '2020-02-25 15:54:40', '94.173.241.70', NULL),
(213, 'CLANCY SOLICITORS', NULL, 'info@clancys-solicitors.co.uk', '$2y$10$ZOcPEI3achK7rE/4NJ1aCuzF7tNBa26S124geGHj8KxfY1.6RP5hy', 'client', '0131 337 7771', NULL, 1, 0, NULL, 'info@clancys-solicitors.co.uk', NULL, '0131 337 7771', '', '89-91 MORRISON STREET', '89-91 MORRISON STREET', '', 'EH3 8BU', 'United Kingdom', 'Edinburgh', '', 'SOLD SUB STICKERS', NULL, 'A', 'FSB', 'THEY BUY BUNDLES OF \"SOLD SUB\" WHICH WE RETAIN TO APPLY  RED LETTERS ON WHITE BACKGROUND', 1, '2020-02-27 15:24:15', '94.173.241.70', NULL),
(214, 'TEST', NULL, 'client@gmail.com', '$2y$10$VeLBNr0YyXDk1u6wCGo2X.qf.P5bU/t7AbJKGueDN4lY.2w4WvbfC', 'client', '123', NULL, 1, 0, 1, 'client@gmail.com', NULL, '123', '', '1 Waterloo Pl, Edinburgh EH1 3BG, UK', '1', '', 'EH1 3BG', 'United Kingdom', 'Edinburgh', '', '', NULL, 'A', 'FSB', '', 1, '2020-03-04 10:48:24', '2a01:4b00:86c4:b900:84c:57a1:23f:5206', NULL),
(215, 'Jerry Test Comapny Ltd', NULL, 'jerry3k@hotmail.com', '$2y$10$9My1D5/xgv8sAfMwYMmyLOJp0yZ4wCGehnEf1fhOw/MoRbQ6KHdMO', 'client', '123', NULL, 1, 0, 1, 'jerry3k@hotmail.com', NULL, '123', '', '65 Salamander St, Leith, Edinburgh EH6 7JZ, UK', '65', '', 'EH6 7JZ', 'United Kingdom', 'Edinburgh', '', '', NULL, 'A', 'FSB', '', 1, '2020-03-17 11:32:28', '88.98.194.178', NULL);

-- --------------------------------------------------------

--
-- Table structure for table `fitterprice`
--

CREATE TABLE `fitterprice` (
  `id` int(11) UNSIGNED NOT NULL,
  `fitter_id` varchar(100) DEFAULT NULL,
  `job_id` int(11) DEFAULT NULL,
  `price` float DEFAULT NULL,
  `added_time` datetime DEFAULT NULL,
  `added_ip` varchar(100) DEFAULT NULL
) ENGINE=InnoDB DEFAULT CHARSET=utf8;

--
-- Dumping data for table `fitterprice`
--

INSERT INTO `fitterprice` (`id`, `fitter_id`, `job_id`, `price`, `added_time`, `added_ip`) VALUES
(1, '191', 1, 5.5, '2019-04-21 19:19:53', '::1'),
(2, '191', 2, 8, '2019-04-21 19:19:53', '::1'),
(3, '191', 3, 11, '2019-04-21 19:19:53', '::1'),
(4, '191', 4, 5.5, '2019-04-21 19:19:53', '::1'),
(5, '191', 5, 5.5, '2019-04-21 19:19:53', '::1'),
(6, '191', 6, 8, '2019-04-21 19:19:53', '::1'),
(7, '191', 7, 2, '2019-04-21 19:19:53', '::1'),
(8, '191', 8, 3, '2019-04-21 19:19:53', '::1'),
(9, '191', 9, 3, '2019-04-21 19:19:53', '::1'),
(10, '191', 10, 3, '2019-04-21 19:19:53', '::1'),
(11, '191', 11, 3.5, '2019-04-21 19:19:53', '::1'),
(12, '191', 12, 3.5, '2019-04-21 19:19:53', '::1'),
(13, '191', 13, 7.5, '2019-04-21 19:19:53', '::1'),
(14, '191', 14, 3.5, '2019-04-21 19:19:53', '::1'),
(15, '191', 15, 3.5, '2019-04-21 19:19:53', '::1'),
(16, '191', 16, 2, '2019-04-21 19:19:53', '::1'),
(17, '191', 17, 0, '2019-04-21 19:19:53', '::1'),
(18, '191', 18, 0, '2019-04-21 19:19:53', '::1'),
(19, '191', 19, 0, '2019-04-21 19:19:53', '::1'),
(20, '191', 20, 0, '2019-04-21 19:19:53', '::1'),
(21, '191', 21, 0, '2019-04-21 19:19:53', '::1'),
(22, '191', 22, 0, '2019-04-21 19:19:53', '::1'),
(23, '191', 23, 0, '2019-04-21 19:19:53', '::1'),
(24, '191', 24, 0, '2019-04-21 19:19:53', '::1'),
(25, '191', 25, 0, '2019-04-21 19:19:53', '::1'),
(26, '191', 26, 3, '2019-04-21 19:19:53', '::1'),
(27, '191', 27, 4, '2019-04-21 19:19:53', '::1'),
(28, '191', 28, 5.5, '2019-04-21 19:19:53', '::1'),
(29, '191', 29, 3.5, '2019-04-21 19:19:53', '::1'),
(30, '191', 30, 2, '2019-04-21 19:19:53', '::1'),
(31, '191', 31, 5.5, '2019-04-21 19:19:53', '::1'),
(32, '191', 32, 8, '2019-04-21 19:19:53', '::1'),
(33, '191', 33, 3.5, '2019-04-21 19:19:53', '::1'),
(34, '191', 34, 5.5, '2019-04-21 19:19:53', '::1'),
(35, '191', 35, 3.5, '2019-04-21 19:19:53', '::1'),
(36, '191', 36, 0, '2019-04-21 19:19:53', '::1'),
(37, '191', 37, 3.5, '2019-04-21 19:19:53', '::1'),
(38, '191', 38, 3, '2019-04-21 19:19:53', '::1'),
(39, '191', 39, 5.5, '2019-04-21 19:19:53', '::1'),
(40, '191', 40, 0, '2019-04-21 19:19:53', '::1'),
(41, '191', 41, 2, '2019-04-21 19:19:53', '::1'),
(42, '191', 42, 0, '2019-04-21 19:19:53', '::1'),
(43, '191', 43, 0, '2019-04-21 19:19:53', '::1'),
(44, '191', 44, 0, '2019-04-21 19:19:53', '::1'),
(45, '191', 45, 0, '2019-04-21 19:19:53', '::1'),
(46, '191', 46, 0, '2019-04-21 19:19:53', '::1'),
(47, '191', 47, 0, '2019-04-21 19:19:53', '::1'),
(48, '191', 48, 0, '2019-04-21 19:19:53', '::1'),
(49, '191', 49, 0, '2019-04-21 19:19:53', '::1'),
(50, '191', 50, 0, '2019-04-21 19:19:53', '::1'),
(51, '191', 51, 0, '2019-04-21 19:19:53', '::1'),
(52, '191', 52, 0, '2019-04-21 19:19:53', '::1'),
(53, '191', 53, 0, '2019-04-21 19:19:53', '::1'),
(54, '191', 54, 0, '2019-04-21 19:19:53', '::1'),
(55, '191', 55, 300, '2019-04-21 19:19:53', '::1'),
(56, '191', 56, 0, '2019-04-21 19:19:53', '::1'),
(57, '191', 57, 5.5, '2019-04-21 19:19:53', '::1'),
(58, '191', 58, 0, '2019-04-21 19:19:53', '::1'),
(59, '191', 59, 0, '2019-04-21 19:19:53', '::1'),
(60, '191', 60, 0, '2019-04-21 19:19:53', '::1'),
(61, '191', 61, 11, '2019-04-21 19:19:53', '::1'),
(62, '191', 62, 5.25, '2019-04-21 19:19:53', '::1'),
(63, '191', 63, 3.5, '2019-04-21 19:19:53', '::1'),
(64, '191', 64, 5.5, '2019-04-21 19:19:53', '::1'),
(65, '191', 65, 8, '2019-04-21 19:19:53', '::1'),
(66, '191', 66, 0, '2019-04-21 19:19:53', '::1'),
(67, '191', 67, 0, '2019-04-21 19:19:53', '::1'),
(68, '191', 68, 0, '2019-04-21 19:19:53', '::1'),
(69, '191', 69, 0, '2019-04-21 19:19:53', '::1'),
(70, '191', 70, 0, '2019-04-21 19:19:53', '::1'),
(71, '191', 71, 0, '2019-04-21 19:19:53', '::1'),
(72, '192', 1, 5.5, '2019-04-21 19:21:58', '::1'),
(73, '192', 2, 8, '2019-04-21 19:21:58', '::1'),
(74, '192', 3, 11, '2019-04-21 19:21:58', '::1'),
(75, '192', 4, 5.5, '2019-04-21 19:21:58', '::1'),
(76, '192', 5, 5.5, '2019-04-21 19:21:58', '::1'),
(77, '192', 6, 8, '2019-04-21 19:21:58', '::1'),
(78, '192', 7, 2, '2019-04-21 19:21:58', '::1'),
(79, '192', 8, 3, '2019-04-21 19:21:58', '::1'),
(80, '192', 9, 3, '2019-04-21 19:21:58', '::1'),
(81, '192', 10, 3, '2019-04-21 19:21:58', '::1'),
(82, '192', 11, 3.5, '2019-04-21 19:21:58', '::1'),
(83, '192', 12, 3.5, '2019-04-21 19:21:58', '::1'),
(84, '192', 13, 7.5, '2019-04-21 19:21:58', '::1'),
(85, '192', 14, 3.5, '2019-04-21 19:21:58', '::1'),
(86, '192', 15, 2.75, '2019-04-21 19:21:58', '::1'),
(87, '192', 16, 2, '2019-04-21 19:21:58', '::1'),
(88, '192', 17, 0, '2019-04-21 19:21:58', '::1'),
(89, '192', 18, 0, '2019-04-21 19:21:58', '::1'),
(90, '192', 19, 0, '2019-04-21 19:21:58', '::1'),
(91, '192', 20, 0, '2019-04-21 19:21:58', '::1'),
(92, '192', 21, 0, '2019-04-21 19:21:58', '::1'),
(93, '192', 22, 0, '2019-04-21 19:21:58', '::1'),
(94, '192', 23, 0, '2019-04-21 19:21:58', '::1'),
(95, '192', 24, 0, '2019-04-21 19:21:58', '::1'),
(96, '192', 25, 0, '2019-04-21 19:21:58', '::1'),
(97, '192', 26, 3, '2019-04-21 19:21:58', '::1'),
(98, '192', 27, 0, '2019-04-21 19:21:58', '::1'),
(99, '192', 28, 0, '2019-04-21 19:21:58', '::1'),
(100, '192', 29, 0, '2019-04-21 19:21:58', '::1'),
(101, '192', 30, 0, '2019-04-21 19:21:58', '::1'),
(102, '192', 31, 0, '2019-04-21 19:21:58', '::1'),
(103, '192', 32, 0, '2019-04-21 19:21:58', '::1'),
(104, '192', 33, 0, '2019-04-21 19:21:58', '::1'),
(105, '192', 34, 0, '2019-04-21 19:21:58', '::1'),
(106, '192', 35, 0, '2019-04-21 19:21:58', '::1'),
(107, '192', 36, 0, '2019-04-21 19:21:58', '::1'),
(108, '192', 37, 0, '2019-04-21 19:21:58', '::1'),
(109, '192', 38, 0, '2019-04-21 19:21:58', '::1'),
(110, '192', 39, 0, '2019-04-21 19:21:58', '::1'),
(111, '192', 40, 0, '2019-04-21 19:21:58', '::1'),
(112, '192', 41, 0, '2019-04-21 19:21:58', '::1'),
(113, '192', 42, 0, '2019-04-21 19:21:58', '::1'),
(114, '192', 43, 0, '2019-04-21 19:21:58', '::1'),
(115, '192', 44, 0, '2019-04-21 19:21:58', '::1'),
(116, '192', 45, 0, '2019-04-21 19:21:58', '::1'),
(117, '192', 46, 0, '2019-04-21 19:21:58', '::1'),
(118, '192', 47, 0, '2019-04-21 19:21:58', '::1'),
(119, '192', 48, 0, '2019-04-21 19:21:58', '::1'),
(120, '192', 49, 0, '2019-04-21 19:21:58', '::1'),
(121, '192', 50, 0, '2019-04-21 19:21:58', '::1'),
(122, '192', 51, 0, '2019-04-21 19:21:58', '::1'),
(123, '192', 52, 0, '2019-04-21 19:21:58', '::1'),
(124, '192', 53, 0, '2019-04-21 19:21:58', '::1'),
(125, '192', 54, 0, '2019-04-21 19:21:58', '::1'),
(126, '192', 55, 0, '2019-04-21 19:21:58', '::1'),
(127, '192', 56, 0, '2019-04-21 19:21:58', '::1'),
(128, '192', 57, 0, '2019-04-21 19:21:58', '::1'),
(129, '192', 58, 0, '2019-04-21 19:21:58', '::1'),
(130, '192', 59, 0, '2019-04-21 19:21:58', '::1'),
(131, '192', 60, 0, '2019-04-21 19:21:58', '::1'),
(132, '192', 61, 0, '2019-04-21 19:21:58', '::1'),
(133, '192', 62, 0, '2019-04-21 19:21:58', '::1'),
(134, '192', 63, 0, '2019-04-21 19:21:58', '::1'),
(135, '192', 64, 0, '2019-04-21 19:21:58', '::1'),
(136, '192', 65, 0, '2019-04-21 19:21:58', '::1'),
(137, '192', 66, 0, '2019-04-21 19:21:58', '::1'),
(138, '192', 67, 0, '2019-04-21 19:21:58', '::1'),
(139, '192', 68, 0, '2019-04-21 19:21:58', '::1'),
(140, '192', 69, 0, '2019-04-21 19:21:58', '::1'),
(141, '192', 70, 0, '2019-04-21 19:21:58', '::1'),
(142, '192', 71, 0, '2019-04-21 19:21:58', '::1'),
(143, '193', 1, 5, '2019-04-21 19:24:41', '::1'),
(144, '193', 2, 8.5, '2019-04-21 19:24:41', '::1'),
(145, '193', 3, 11.5, '2019-04-21 19:24:41', '::1'),
(146, '193', 4, 5, '2019-04-21 19:24:41', '::1'),
(147, '193', 5, 5, '2019-04-21 19:24:41', '::1'),
(148, '193', 6, 8.5, '2019-04-21 19:24:41', '::1'),
(149, '193', 7, 2, '2019-04-21 19:24:41', '::1'),
(150, '193', 8, 3, '2019-04-21 19:24:41', '::1'),
(151, '193', 9, 3, '2019-04-21 19:24:41', '::1'),
(152, '193', 10, 3, '2019-04-21 19:24:41', '::1'),
(153, '193', 11, 3.5, '2019-04-21 19:24:41', '::1'),
(154, '193', 12, 3.5, '2019-04-21 19:24:41', '::1'),
(155, '193', 13, 7.5, '2019-04-21 19:24:41', '::1'),
(156, '193', 14, 3.5, '2019-04-21 19:24:41', '::1'),
(157, '193', 15, 2.5, '2019-04-21 19:24:41', '::1'),
(158, '193', 16, 2, '2019-04-21 19:24:41', '::1'),
(159, '193', 17, 0, '2019-04-21 19:24:41', '::1'),
(160, '193', 18, 0, '2019-04-21 19:24:41', '::1'),
(161, '193', 19, 0, '2019-04-21 19:24:41', '::1'),
(162, '193', 20, 0, '2019-04-21 19:24:41', '::1'),
(163, '193', 21, 0, '2019-04-21 19:24:41', '::1'),
(164, '193', 22, 0, '2019-04-21 19:24:41', '::1'),
(165, '193', 23, 0, '2019-04-21 19:24:41', '::1'),
(166, '193', 24, 0, '2019-04-21 19:24:41', '::1'),
(167, '193', 25, 0, '2019-04-21 19:24:41', '::1'),
(168, '193', 26, 3, '2019-04-21 19:24:41', '::1'),
(169, '193', 27, 4, '2019-04-21 19:24:41', '::1'),
(170, '193', 28, 5, '2019-04-21 19:24:41', '::1'),
(171, '193', 29, 3.5, '2019-04-21 19:24:41', '::1'),
(172, '193', 30, 2, '2019-04-21 19:24:41', '::1'),
(173, '193', 31, 5, '2019-04-21 19:24:41', '::1'),
(174, '193', 32, 8.5, '2019-04-21 19:24:41', '::1'),
(175, '193', 33, 3.5, '2019-04-21 19:24:41', '::1'),
(176, '193', 34, 5, '2019-04-21 19:24:41', '::1'),
(177, '193', 35, 3.5, '2019-04-21 19:24:41', '::1'),
(178, '193', 36, 0, '2019-04-21 19:24:41', '::1'),
(179, '193', 37, 3.5, '2019-04-21 19:24:41', '::1'),
(180, '193', 38, 3.5, '2019-04-21 19:24:41', '::1'),
(181, '193', 39, 0, '2019-04-21 19:24:41', '::1'),
(182, '193', 40, 0, '2019-04-21 19:24:41', '::1'),
(183, '193', 41, 0, '2019-04-21 19:24:41', '::1'),
(184, '193', 42, 0, '2019-04-21 19:24:41', '::1'),
(185, '193', 43, 0, '2019-04-21 19:24:41', '::1'),
(186, '193', 44, 0, '2019-04-21 19:24:41', '::1'),
(187, '193', 45, 0, '2019-04-21 19:24:41', '::1'),
(188, '193', 46, 0, '2019-04-21 19:24:41', '::1'),
(189, '193', 47, 0, '2019-04-21 19:24:41', '::1'),
(190, '193', 48, 0, '2019-04-21 19:24:41', '::1'),
(191, '193', 49, 0, '2019-04-21 19:24:41', '::1'),
(192, '193', 50, 0, '2019-04-21 19:24:41', '::1'),
(193, '193', 51, 0, '2019-04-21 19:24:41', '::1'),
(194, '193', 52, 0, '2019-04-21 19:24:41', '::1'),
(195, '193', 53, 0, '2019-04-21 19:24:41', '::1'),
(196, '193', 54, 0, '2019-04-21 19:24:41', '::1'),
(197, '193', 55, 300, '2019-04-21 19:24:41', '::1'),
(198, '193', 56, 0, '2019-04-21 19:24:41', '::1'),
(199, '193', 57, 0, '2019-04-21 19:24:41', '::1'),
(200, '193', 58, 0, '2019-04-21 19:24:41', '::1'),
(201, '193', 59, 0, '2019-04-21 19:24:41', '::1'),
(202, '193', 60, 0, '2019-04-21 19:24:41', '::1'),
(203, '193', 61, 0, '2019-04-21 19:24:41', '::1'),
(204, '193', 62, 0, '2019-04-21 19:24:41', '::1'),
(205, '193', 63, 0, '2019-04-21 19:24:41', '::1'),
(206, '193', 64, 0, '2019-04-21 19:24:41', '::1'),
(207, '193', 65, 0, '2019-04-21 19:24:41', '::1'),
(208, '193', 66, 0, '2019-04-21 19:24:41', '::1'),
(209, '193', 67, 0, '2019-04-21 19:24:41', '::1'),
(210, '193', 68, 0, '2019-04-21 19:24:41', '::1'),
(211, '193', 69, 0, '2019-04-21 19:24:41', '::1'),
(212, '193', 70, 0, '2019-04-21 19:24:42', '::1'),
(213, '193', 71, 0, '2019-04-21 19:24:42', '::1'),
(214, '194', 1, 4.8, '2019-04-21 19:27:25', '::1'),
(215, '194', 2, 8, '2019-04-21 19:27:25', '::1'),
(216, '194', 3, 11, '2019-04-21 19:27:25', '::1'),
(217, '194', 4, 4.8, '2019-04-21 19:27:25', '::1'),
(218, '194', 5, 4.8, '2019-04-21 19:27:25', '::1'),
(219, '194', 6, 8, '2019-04-21 19:27:25', '::1'),
(220, '194', 7, 2, '2019-04-21 19:27:25', '::1'),
(221, '194', 8, 3, '2019-04-21 19:27:25', '::1'),
(222, '194', 9, 3, '2019-04-21 19:27:25', '::1'),
(223, '194', 10, 3, '2019-04-21 19:27:25', '::1'),
(224, '194', 11, 3.5, '2019-04-21 19:27:25', '::1'),
(225, '194', 12, 3.5, '2019-04-21 19:27:25', '::1'),
(226, '194', 13, 7.5, '2019-04-21 19:27:25', '::1'),
(227, '194', 14, 3.5, '2019-04-21 19:27:25', '::1'),
(228, '194', 15, 2.5, '2019-04-21 19:27:25', '::1'),
(229, '194', 16, 2, '2019-04-21 19:27:25', '::1'),
(230, '194', 17, 0, '2019-04-21 19:27:25', '::1'),
(231, '194', 18, 0, '2019-04-21 19:27:25', '::1'),
(232, '194', 19, 0, '2019-04-21 19:27:25', '::1'),
(233, '194', 20, 0, '2019-04-21 19:27:25', '::1'),
(234, '194', 21, 0, '2019-04-21 19:27:25', '::1'),
(235, '194', 22, 0, '2019-04-21 19:27:25', '::1'),
(236, '194', 23, 0, '2019-04-21 19:27:25', '::1'),
(237, '194', 24, 0, '2019-04-21 19:27:25', '::1'),
(238, '194', 25, 0, '2019-04-21 19:27:25', '::1'),
(239, '194', 26, 3, '2019-04-21 19:27:25', '::1'),
(240, '194', 27, 4, '2019-04-21 19:27:25', '::1'),
(241, '194', 28, 4.8, '2019-04-21 19:27:25', '::1'),
(242, '194', 29, 3.5, '2019-04-21 19:27:25', '::1'),
(243, '194', 30, 2, '2019-04-21 19:27:25', '::1'),
(244, '194', 31, 4.8, '2019-04-21 19:27:25', '::1'),
(245, '194', 32, 8, '2019-04-21 19:27:25', '::1'),
(246, '194', 33, 3.5, '2019-04-21 19:27:25', '::1'),
(247, '194', 34, 4.8, '2019-04-21 19:27:25', '::1'),
(248, '194', 35, 3.5, '2019-04-21 19:27:25', '::1'),
(249, '194', 36, 0, '2019-04-21 19:27:26', '::1'),
(250, '194', 37, 0, '2019-04-21 19:27:26', '::1'),
(251, '194', 38, 0, '2019-04-21 19:27:26', '::1'),
(252, '194', 39, 0, '2019-04-21 19:27:26', '::1'),
(253, '194', 40, 0, '2019-04-21 19:27:26', '::1'),
(254, '194', 41, 0, '2019-04-21 19:27:26', '::1'),
(255, '194', 42, 0, '2019-04-21 19:27:26', '::1'),
(256, '194', 43, 0, '2019-04-21 19:27:26', '::1'),
(257, '194', 44, 0, '2019-04-21 19:27:26', '::1'),
(258, '194', 45, 0, '2019-04-21 19:27:26', '::1'),
(259, '194', 46, 0, '2019-04-21 19:27:26', '::1'),
(260, '194', 47, 0, '2019-04-21 19:27:26', '::1'),
(261, '194', 48, 0, '2019-04-21 19:27:26', '::1'),
(262, '194', 49, 0, '2019-04-21 19:27:26', '::1'),
(263, '194', 50, 0, '2019-04-21 19:27:26', '::1'),
(264, '194', 51, 0, '2019-04-21 19:27:26', '::1'),
(265, '194', 52, 0, '2019-04-21 19:27:26', '::1'),
(266, '194', 53, 0, '2019-04-21 19:27:26', '::1'),
(267, '194', 54, 0, '2019-04-21 19:27:26', '::1'),
(268, '194', 55, 0, '2019-04-21 19:27:26', '::1'),
(269, '194', 56, 0, '2019-04-21 19:27:26', '::1'),
(270, '194', 57, 0, '2019-04-21 19:27:26', '::1'),
(271, '194', 58, 0, '2019-04-21 19:27:26', '::1'),
(272, '194', 59, 0, '2019-04-21 19:27:26', '::1'),
(273, '194', 60, 0, '2019-04-21 19:27:26', '::1'),
(274, '194', 61, 0, '2019-04-21 19:27:26', '::1'),
(275, '194', 62, 0, '2019-04-21 19:27:26', '::1'),
(276, '194', 63, 0, '2019-04-21 19:27:26', '::1'),
(277, '194', 64, 0, '2019-04-21 19:27:26', '::1'),
(278, '194', 65, 0, '2019-04-21 19:27:26', '::1'),
(279, '194', 66, 0, '2019-04-21 19:27:26', '::1'),
(280, '194', 67, 0, '2019-04-21 19:27:26', '::1'),
(281, '194', 68, 0, '2019-04-21 19:27:26', '::1'),
(282, '194', 69, 0, '2019-04-21 19:27:26', '::1'),
(283, '194', 70, 0, '2019-04-21 19:27:26', '::1'),
(284, '194', 71, 0, '2019-04-21 19:27:26', '::1'),
(285, '194', 72, NULL, '2019-04-21 19:27:26', '::1'),
(286, '194', 73, NULL, '2019-04-21 19:27:26', '::1'),
(287, '194', 74, NULL, '2019-04-21 19:27:26', '::1'),
(288, '194', 75, NULL, '2019-04-21 19:27:26', '::1'),
(363, '194', 75, NULL, '2019-04-21 19:31:44', '::1'),
(364, '195', 1, 4.8, '2019-04-21 19:33:31', '::1'),
(365, '195', 2, 8, '2019-04-21 19:33:31', '::1'),
(366, '195', 3, 11, '2019-04-21 19:33:31', '::1'),
(367, '195', 4, 4.8, '2019-04-21 19:33:31', '::1'),
(368, '195', 5, 4.8, '2019-04-21 19:33:31', '::1'),
(369, '195', 6, 8, '2019-04-21 19:33:31', '::1'),
(370, '195', 7, 2, '2019-04-21 19:33:31', '::1'),
(371, '195', 8, 3, '2019-04-21 19:33:31', '::1'),
(372, '195', 9, 3, '2019-04-21 19:33:31', '::1'),
(373, '195', 10, 3, '2019-04-21 19:33:31', '::1'),
(374, '195', 11, 3.5, '2019-04-21 19:33:31', '::1'),
(375, '195', 12, 3.5, '2019-04-21 19:33:31', '::1'),
(376, '195', 13, 0, '2019-04-21 19:33:31', '::1'),
(377, '195', 14, 0, '2019-04-21 19:33:31', '::1'),
(378, '195', 15, 0, '2019-04-21 19:33:31', '::1'),
(379, '195', 16, 2, '2019-04-21 19:33:31', '::1'),
(380, '195', 17, 0, '2019-04-21 19:33:31', '::1'),
(381, '195', 18, 0, '2019-04-21 19:33:31', '::1'),
(382, '195', 19, 0, '2019-04-21 19:33:31', '::1'),
(383, '195', 20, 0, '2019-04-21 19:33:31', '::1'),
(384, '195', 21, 0, '2019-04-21 19:33:31', '::1'),
(385, '195', 22, 0, '2019-04-21 19:33:31', '::1'),
(386, '195', 23, 0, '2019-04-21 19:33:31', '::1'),
(387, '195', 24, 0, '2019-04-21 19:33:31', '::1'),
(388, '195', 25, 0, '2019-04-21 19:33:31', '::1'),
(389, '195', 26, 3, '2019-04-21 19:33:31', '::1'),
(390, '195', 27, 0, '2019-04-21 19:33:31', '::1'),
(391, '195', 28, 0, '2019-04-21 19:33:31', '::1'),
(392, '195', 29, 0, '2019-04-21 19:33:31', '::1'),
(393, '195', 30, 0, '2019-04-21 19:33:31', '::1'),
(394, '195', 31, 0, '2019-04-21 19:33:31', '::1'),
(395, '195', 32, 0, '2019-04-21 19:33:31', '::1'),
(396, '195', 33, 0, '2019-04-21 19:33:31', '::1'),
(397, '195', 34, 0, '2019-04-21 19:33:31', '::1'),
(398, '195', 35, 0, '2019-04-21 19:33:31', '::1'),
(399, '195', 36, 0, '2019-04-21 19:33:31', '::1'),
(400, '195', 37, 0, '2019-04-21 19:33:31', '::1'),
(401, '195', 38, 0, '2019-04-21 19:33:31', '::1'),
(402, '195', 39, 0, '2019-04-21 19:33:31', '::1'),
(403, '195', 40, 0, '2019-04-21 19:33:31', '::1'),
(404, '195', 41, 0, '2019-04-21 19:33:31', '::1'),
(405, '195', 42, 0, '2019-04-21 19:33:31', '::1'),
(406, '195', 43, 0, '2019-04-21 19:33:31', '::1'),
(407, '195', 44, 0, '2019-04-21 19:33:31', '::1'),
(408, '195', 45, 0, '2019-04-21 19:33:31', '::1'),
(409, '195', 46, 0, '2019-04-21 19:33:31', '::1'),
(410, '195', 47, 0, '2019-04-21 19:33:31', '::1'),
(411, '195', 48, 0, '2019-04-21 19:33:31', '::1'),
(412, '195', 49, 0, '2019-04-21 19:33:31', '::1'),
(413, '195', 50, 0, '2019-04-21 19:33:31', '::1'),
(414, '195', 51, 0, '2019-04-21 19:33:31', '::1'),
(415, '195', 52, 0, '2019-04-21 19:33:31', '::1'),
(416, '195', 53, 0, '2019-04-21 19:33:31', '::1'),
(417, '195', 54, 0, '2019-04-21 19:33:31', '::1'),
(418, '195', 55, 0, '2019-04-21 19:33:31', '::1'),
(419, '195', 56, 0, '2019-04-21 19:33:31', '::1'),
(420, '195', 57, 0, '2019-04-21 19:33:31', '::1'),
(421, '195', 58, 0, '2019-04-21 19:33:31', '::1'),
(422, '195', 59, 0, '2019-04-21 19:33:31', '::1'),
(423, '195', 60, 0, '2019-04-21 19:33:31', '::1'),
(424, '195', 61, 0, '2019-04-21 19:33:31', '::1'),
(425, '195', 62, 0, '2019-04-21 19:33:31', '::1'),
(426, '195', 63, 0, '2019-04-21 19:33:31', '::1'),
(427, '195', 64, 0, '2019-04-21 19:33:31', '::1'),
(428, '195', 65, 0, '2019-04-21 19:33:31', '::1'),
(429, '195', 66, 0, '2019-04-21 19:33:31', '::1'),
(430, '195', 67, 0, '2019-04-21 19:33:31', '::1'),
(431, '195', 68, 0, '2019-04-21 19:33:31', '::1'),
(432, '195', 69, 0, '2019-04-21 19:33:31', '::1'),
(433, '195', 70, 0, '2019-04-21 19:33:31', '::1'),
(434, '195', 71, 0, '2019-04-21 19:33:31', '::1'),
(435, '196', 1, 4.8, '2019-04-21 19:43:22', '::1'),
(436, '196', 2, 8, '2019-04-21 19:43:22', '::1'),
(437, '196', 3, 11, '2019-04-21 19:43:22', '::1'),
(438, '196', 4, 4.8, '2019-04-21 19:43:22', '::1'),
(439, '196', 5, 4.8, '2019-04-21 19:43:22', '::1'),
(440, '196', 6, 8, '2019-04-21 19:43:22', '::1'),
(441, '196', 7, 2, '2019-04-21 19:43:22', '::1'),
(442, '196', 8, 3, '2019-04-21 19:43:22', '::1'),
(443, '196', 9, 3, '2019-04-21 19:43:22', '::1'),
(444, '196', 10, 3, '2019-04-21 19:43:22', '::1'),
(445, '196', 11, 3.5, '2019-04-21 19:43:22', '::1'),
(446, '196', 12, 3.5, '2019-04-21 19:43:22', '::1'),
(447, '196', 13, 7.5, '2019-04-21 19:43:22', '::1'),
(448, '196', 14, 3.5, '2019-04-21 19:43:22', '::1'),
(449, '196', 15, 2.5, '2019-04-21 19:43:22', '::1'),
(450, '196', 16, 2, '2019-04-21 19:43:22', '::1'),
(451, '196', 17, 0, '2019-04-21 19:43:22', '::1'),
(452, '196', 18, 0, '2019-04-21 19:43:22', '::1'),
(453, '196', 19, 0, '2019-04-21 19:43:22', '::1'),
(454, '196', 20, 0, '2019-04-21 19:43:22', '::1'),
(455, '196', 21, 0, '2019-04-21 19:43:22', '::1'),
(456, '196', 22, 0, '2019-04-21 19:43:22', '::1'),
(457, '196', 23, 0, '2019-04-21 19:43:22', '::1'),
(458, '196', 24, 0, '2019-04-21 19:43:22', '::1'),
(459, '196', 25, 0, '2019-04-21 19:43:22', '::1'),
(460, '196', 26, 3, '2019-04-21 19:43:22', '::1'),
(461, '196', 27, 4, '2019-04-21 19:43:22', '::1'),
(462, '196', 28, 4.8, '2019-04-21 19:43:22', '::1'),
(463, '196', 29, 3.5, '2019-04-21 19:43:22', '::1'),
(464, '196', 30, 2, '2019-04-21 19:43:22', '::1'),
(465, '196', 31, 4.8, '2019-04-21 19:43:22', '::1'),
(466, '196', 32, 8, '2019-04-21 19:43:22', '::1'),
(467, '196', 33, 3.5, '2019-04-21 19:43:22', '::1'),
(468, '196', 34, 4.8, '2019-04-21 19:43:22', '::1'),
(469, '196', 35, 3.5, '2019-04-21 19:43:22', '::1'),
(470, '196', 36, 0, '2019-04-21 19:43:22', '::1'),
(471, '196', 37, 0, '2019-04-21 19:43:22', '::1'),
(472, '196', 38, 0, '2019-04-21 19:43:22', '::1'),
(473, '196', 39, 0, '2019-04-21 19:43:22', '::1'),
(474, '196', 40, 0, '2019-04-21 19:43:22', '::1'),
(475, '196', 41, 0, '2019-04-21 19:43:22', '::1'),
(476, '196', 42, 0, '2019-04-21 19:43:22', '::1'),
(477, '196', 43, 0, '2019-04-21 19:43:22', '::1'),
(478, '196', 44, 0, '2019-04-21 19:43:22', '::1'),
(479, '196', 45, 0, '2019-04-21 19:43:22', '::1'),
(480, '196', 46, 0, '2019-04-21 19:43:22', '::1'),
(481, '196', 47, 0, '2019-04-21 19:43:22', '::1'),
(482, '196', 48, 0, '2019-04-21 19:43:22', '::1'),
(483, '196', 49, 0, '2019-04-21 19:43:23', '::1'),
(484, '196', 50, 0, '2019-04-21 19:43:23', '::1'),
(485, '196', 51, 0, '2019-04-21 19:43:23', '::1'),
(486, '196', 52, 0, '2019-04-21 19:43:23', '::1'),
(487, '196', 53, 0, '2019-04-21 19:43:23', '::1'),
(488, '196', 54, 0, '2019-04-21 19:43:23', '::1'),
(489, '196', 55, 0, '2019-04-21 19:43:23', '::1'),
(490, '196', 56, 0, '2019-04-21 19:43:23', '::1'),
(491, '196', 57, 0, '2019-04-21 19:43:23', '::1'),
(492, '196', 58, 0, '2019-04-21 19:43:23', '::1'),
(493, '196', 59, 0, '2019-04-21 19:43:23', '::1'),
(494, '196', 60, 0, '2019-04-21 19:43:23', '::1'),
(495, '196', 61, 0, '2019-04-21 19:43:23', '::1'),
(496, '196', 62, 0, '2019-04-21 19:43:23', '::1'),
(497, '196', 63, 0, '2019-04-21 19:43:23', '::1'),
(498, '196', 64, 0, '2019-04-21 19:43:23', '::1'),
(499, '196', 65, 0, '2019-04-21 19:43:23', '::1'),
(500, '196', 66, 0, '2019-04-21 19:43:23', '::1'),
(501, '196', 67, 0, '2019-04-21 19:43:23', '::1'),
(502, '196', 68, 0, '2019-04-21 19:43:23', '::1'),
(503, '196', 69, 0, '2019-04-21 19:43:23', '::1'),
(504, '196', 70, 0, '2019-04-21 19:43:23', '::1'),
(505, '196', 71, 0, '2019-04-21 19:43:23', '::1'),
(506, '197', 1, 4.8, '2019-04-21 19:43:44', '::1'),
(507, '197', 2, 8, '2019-04-21 19:43:44', '::1'),
(508, '197', 3, 11, '2019-04-21 19:43:44', '::1'),
(509, '197', 4, 4.8, '2019-04-21 19:43:44', '::1'),
(510, '197', 5, 4.8, '2019-04-21 19:43:44', '::1'),
(511, '197', 6, 8, '2019-04-21 19:43:44', '::1'),
(512, '197', 7, 2, '2019-04-21 19:43:44', '::1'),
(513, '197', 8, 3, '2019-04-21 19:43:44', '::1'),
(514, '197', 9, 3, '2019-04-21 19:43:44', '::1'),
(515, '197', 10, 3, '2019-04-21 19:43:44', '::1'),
(516, '197', 11, 3.5, '2019-04-21 19:43:44', '::1'),
(517, '197', 12, 3.5, '2019-04-21 19:43:44', '::1'),
(518, '197', 13, 7.5, '2019-04-21 19:43:44', '::1'),
(519, '197', 14, 3.5, '2019-04-21 19:43:44', '::1'),
(520, '197', 15, 2.5, '2019-04-21 19:43:44', '::1'),
(521, '197', 16, 2, '2019-04-21 19:43:44', '::1'),
(522, '197', 17, 0, '2019-04-21 19:43:44', '::1'),
(523, '197', 18, 0, '2019-04-21 19:43:44', '::1'),
(524, '197', 19, 0, '2019-04-21 19:43:44', '::1'),
(525, '197', 20, 0, '2019-04-21 19:43:44', '::1'),
(526, '197', 21, 0, '2019-04-21 19:43:44', '::1'),
(527, '197', 22, 0, '2019-04-21 19:43:44', '::1'),
(528, '197', 23, 0, '2019-04-21 19:43:44', '::1'),
(529, '197', 24, 0, '2019-04-21 19:43:44', '::1'),
(530, '197', 25, 0, '2019-04-21 19:43:44', '::1'),
(531, '197', 26, 3, '2019-04-21 19:43:44', '::1'),
(532, '197', 27, 4, '2019-04-21 19:43:44', '::1'),
(533, '197', 28, 4.8, '2019-04-21 19:43:44', '::1'),
(534, '197', 29, 3.5, '2019-04-21 19:43:44', '::1'),
(535, '197', 30, 3.5, '2019-04-21 19:43:44', '::1'),
(536, '197', 31, 4.8, '2019-04-21 19:43:44', '::1'),
(537, '197', 32, 8, '2019-04-21 19:43:45', '::1'),
(538, '197', 33, 3.5, '2019-04-21 19:43:45', '::1'),
(539, '197', 34, 4.8, '2019-04-21 19:43:45', '::1'),
(540, '197', 35, 0, '2019-04-21 19:43:45', '::1'),
(541, '197', 36, 0, '2019-04-21 19:43:45', '::1'),
(542, '197', 37, 0, '2019-04-21 19:43:45', '::1'),
(543, '197', 38, 0, '2019-04-21 19:43:45', '::1'),
(544, '197', 39, 0, '2019-04-21 19:43:45', '::1'),
(545, '197', 40, 0, '2019-04-21 19:43:45', '::1'),
(546, '197', 41, 0, '2019-04-21 19:43:45', '::1'),
(547, '197', 42, 0, '2019-04-21 19:43:45', '::1'),
(548, '197', 43, 0, '2019-04-21 19:43:45', '::1'),
(549, '197', 44, 0, '2019-04-21 19:43:45', '::1'),
(550, '197', 45, 0, '2019-04-21 19:43:45', '::1'),
(551, '197', 46, 0, '2019-04-21 19:43:45', '::1'),
(552, '197', 47, 0, '2019-04-21 19:43:45', '::1'),
(553, '197', 48, 0, '2019-04-21 19:43:45', '::1'),
(554, '197', 49, 0, '2019-04-21 19:43:45', '::1'),
(555, '197', 50, 0, '2019-04-21 19:43:45', '::1'),
(556, '197', 51, 0, '2019-04-21 19:43:45', '::1'),
(557, '197', 52, 0, '2019-04-21 19:43:45', '::1'),
(558, '197', 53, 0, '2019-04-21 19:43:45', '::1'),
(559, '197', 54, 0, '2019-04-21 19:43:45', '::1'),
(560, '197', 55, 0, '2019-04-21 19:43:45', '::1'),
(561, '197', 56, 0, '2019-04-21 19:43:45', '::1'),
(562, '197', 57, 0, '2019-04-21 19:43:45', '::1'),
(563, '197', 58, 0, '2019-04-21 19:43:45', '::1'),
(564, '197', 59, 0, '2019-04-21 19:43:45', '::1'),
(565, '197', 60, 4.8, '2019-04-21 19:43:45', '::1'),
(566, '197', 61, 11, '2019-04-21 19:43:45', '::1'),
(567, '197', 62, 0, '2019-04-21 19:43:45', '::1'),
(568, '197', 63, 0, '2019-04-21 19:43:45', '::1'),
(569, '197', 64, 0, '2019-04-21 19:43:45', '::1'),
(570, '197', 65, 0, '2019-04-21 19:43:45', '::1'),
(571, '197', 66, 0, '2019-04-21 19:43:45', '::1'),
(572, '197', 67, 0, '2019-04-21 19:43:45', '::1'),
(573, '197', 68, 0, '2019-04-21 19:43:45', '::1'),
(574, '197', 69, 0, '2019-04-21 19:43:45', '::1'),
(575, '197', 70, 0, '2019-04-21 19:43:45', '::1'),
(576, '197', 71, 0, '2019-04-21 19:43:45', '::1'),
(577, '198', 1, 0, '2019-04-21 19:43:54', '::1'),
(578, '198', 2, 0, '2019-04-21 19:43:54', '::1'),
(579, '198', 3, 0, '2019-04-21 19:43:54', '::1'),
(580, '198', 4, 0, '2019-04-21 19:43:54', '::1'),
(581, '198', 5, 0, '2019-04-21 19:43:54', '::1'),
(582, '198', 6, 0, '2019-04-21 19:43:54', '::1'),
(583, '198', 7, 0, '2019-04-21 19:43:54', '::1'),
(584, '198', 8, 0, '2019-04-21 19:43:54', '::1'),
(585, '198', 9, 0, '2019-04-21 19:43:54', '::1'),
(586, '198', 10, 0, '2019-04-21 19:43:54', '::1'),
(587, '198', 11, 0, '2019-04-21 19:43:54', '::1'),
(588, '198', 12, 0, '2019-04-21 19:43:54', '::1'),
(589, '198', 13, 0, '2019-04-21 19:43:54', '::1'),
(590, '198', 14, 0, '2019-04-21 19:43:54', '::1'),
(591, '198', 15, 0, '2019-04-21 19:43:54', '::1'),
(592, '198', 16, 0, '2019-04-21 19:43:54', '::1'),
(593, '198', 17, 0, '2019-04-21 19:43:54', '::1'),
(594, '198', 18, 0, '2019-04-21 19:43:54', '::1'),
(595, '198', 19, 0, '2019-04-21 19:43:54', '::1'),
(596, '198', 20, 0, '2019-04-21 19:43:54', '::1'),
(597, '198', 21, 0, '2019-04-21 19:43:54', '::1'),
(598, '198', 22, 0, '2019-04-21 19:43:54', '::1'),
(599, '198', 23, 0, '2019-04-21 19:43:54', '::1'),
(600, '198', 24, 0, '2019-04-21 19:43:54', '::1'),
(601, '198', 25, 0, '2019-04-21 19:43:54', '::1'),
(602, '198', 26, 0, '2019-04-21 19:43:54', '::1'),
(603, '198', 27, 0, '2019-04-21 19:43:54', '::1'),
(604, '198', 28, 0, '2019-04-21 19:43:54', '::1'),
(605, '198', 29, 0, '2019-04-21 19:43:54', '::1'),
(606, '198', 30, 0, '2019-04-21 19:43:54', '::1'),
(607, '198', 31, 0, '2019-04-21 19:43:54', '::1'),
(608, '198', 32, 0, '2019-04-21 19:43:54', '::1'),
(609, '198', 33, 0, '2019-04-21 19:43:54', '::1'),
(610, '198', 34, 0, '2019-04-21 19:43:54', '::1'),
(611, '198', 35, 0, '2019-04-21 19:43:54', '::1'),
(612, '198', 36, 0, '2019-04-21 19:43:54', '::1'),
(613, '198', 37, 0, '2019-04-21 19:43:54', '::1'),
(614, '198', 38, 0, '2019-04-21 19:43:54', '::1'),
(615, '198', 39, 0, '2019-04-21 19:43:54', '::1'),
(616, '198', 40, 0, '2019-04-21 19:43:54', '::1'),
(617, '198', 41, 0, '2019-04-21 19:43:54', '::1'),
(618, '198', 42, 0, '2019-04-21 19:43:54', '::1'),
(619, '198', 43, 0, '2019-04-21 19:43:54', '::1'),
(620, '198', 44, 0, '2019-04-21 19:43:54', '::1'),
(621, '198', 45, 0, '2019-04-21 19:43:54', '::1'),
(622, '198', 46, 0, '2019-04-21 19:43:54', '::1'),
(623, '198', 47, 0, '2019-04-21 19:43:54', '::1'),
(624, '198', 48, 0, '2019-04-21 19:43:54', '::1'),
(625, '198', 49, 0, '2019-04-21 19:43:54', '::1'),
(626, '198', 50, 0, '2019-04-21 19:43:54', '::1'),
(627, '198', 51, 0, '2019-04-21 19:43:54', '::1'),
(628, '198', 52, 0, '2019-04-21 19:43:54', '::1'),
(629, '198', 53, 0, '2019-04-21 19:43:54', '::1'),
(630, '198', 54, 0, '2019-04-21 19:43:54', '::1'),
(631, '198', 55, 0, '2019-04-21 19:43:54', '::1'),
(632, '198', 56, 0, '2019-04-21 19:43:54', '::1'),
(633, '198', 57, 0, '2019-04-21 19:43:54', '::1'),
(634, '198', 58, 0, '2019-04-21 19:43:54', '::1'),
(635, '198', 59, 0, '2019-04-21 19:43:54', '::1'),
(636, '198', 60, 0, '2019-04-21 19:43:54', '::1'),
(637, '198', 61, 0, '2019-04-21 19:43:54', '::1'),
(638, '198', 62, 0, '2019-04-21 19:43:54', '::1'),
(639, '198', 63, 0, '2019-04-21 19:43:54', '::1'),
(640, '198', 64, 0, '2019-04-21 19:43:54', '::1'),
(641, '198', 65, 0, '2019-04-21 19:43:54', '::1'),
(642, '198', 66, 0, '2019-04-21 19:43:54', '::1'),
(643, '198', 67, 0, '2019-04-21 19:43:54', '::1'),
(644, '198', 68, 0, '2019-04-21 19:43:54', '::1'),
(645, '198', 69, 0, '2019-04-21 19:43:54', '::1'),
(646, '198', 70, 0, '2019-04-21 19:43:54', '::1'),
(647, '198', 71, 0, '2019-04-21 19:43:54', '::1'),
(648, '199', 1, 0, '2019-04-21 19:44:30', '::1'),
(649, '199', 2, 0, '2019-04-21 19:44:30', '::1'),
(650, '199', 3, 0, '2019-04-21 19:44:30', '::1'),
(651, '199', 4, 0, '2019-04-21 19:44:30', '::1'),
(652, '199', 5, 0, '2019-04-21 19:44:30', '::1'),
(653, '199', 6, 0, '2019-04-21 19:44:30', '::1'),
(654, '199', 7, 0, '2019-04-21 19:44:30', '::1'),
(655, '199', 8, 0, '2019-04-21 19:44:30', '::1'),
(656, '199', 9, 0, '2019-04-21 19:44:30', '::1'),
(657, '199', 10, 0, '2019-04-21 19:44:30', '::1'),
(658, '199', 11, 0, '2019-04-21 19:44:30', '::1'),
(659, '199', 12, 0, '2019-04-21 19:44:30', '::1'),
(660, '199', 13, 0, '2019-04-21 19:44:30', '::1'),
(661, '199', 14, 0, '2019-04-21 19:44:30', '::1'),
(662, '199', 15, 0, '2019-04-21 19:44:30', '::1'),
(663, '199', 16, 0, '2019-04-21 19:44:30', '::1'),
(664, '199', 17, 0, '2019-04-21 19:44:30', '::1'),
(665, '199', 18, 0, '2019-04-21 19:44:30', '::1'),
(666, '199', 19, 0, '2019-04-21 19:44:30', '::1'),
(667, '199', 20, 0, '2019-04-21 19:44:30', '::1'),
(668, '199', 21, 0, '2019-04-21 19:44:30', '::1'),
(669, '199', 22, 0, '2019-04-21 19:44:30', '::1'),
(670, '199', 23, 0, '2019-04-21 19:44:30', '::1'),
(671, '199', 24, 0, '2019-04-21 19:44:30', '::1'),
(672, '199', 25, 0, '2019-04-21 19:44:30', '::1'),
(673, '199', 26, 0, '2019-04-21 19:44:30', '::1'),
(674, '199', 27, 0, '2019-04-21 19:44:30', '::1'),
(675, '199', 28, 0, '2019-04-21 19:44:30', '::1'),
(676, '199', 29, 0, '2019-04-21 19:44:30', '::1'),
(677, '199', 30, 0, '2019-04-21 19:44:30', '::1'),
(678, '199', 31, 0, '2019-04-21 19:44:30', '::1'),
(679, '199', 32, 0, '2019-04-21 19:44:30', '::1'),
(680, '199', 33, 0, '2019-04-21 19:44:30', '::1'),
(681, '199', 34, 0, '2019-04-21 19:44:30', '::1'),
(682, '199', 35, 0, '2019-04-21 19:44:30', '::1'),
(683, '199', 36, 0, '2019-04-21 19:44:30', '::1'),
(684, '199', 37, 0, '2019-04-21 19:44:30', '::1'),
(685, '199', 38, 0, '2019-04-21 19:44:30', '::1'),
(686, '199', 39, 0, '2019-04-21 19:44:30', '::1'),
(687, '199', 40, 0, '2019-04-21 19:44:30', '::1'),
(688, '199', 41, 0, '2019-04-21 19:44:30', '::1'),
(689, '199', 42, 0, '2019-04-21 19:44:30', '::1'),
(690, '199', 43, 0, '2019-04-21 19:44:30', '::1'),
(691, '199', 44, 0, '2019-04-21 19:44:30', '::1'),
(692, '199', 45, 0, '2019-04-21 19:44:30', '::1'),
(693, '199', 46, 0, '2019-04-21 19:44:30', '::1'),
(694, '199', 47, 0, '2019-04-21 19:44:30', '::1'),
(695, '199', 48, 0, '2019-04-21 19:44:30', '::1'),
(696, '199', 49, 0, '2019-04-21 19:44:30', '::1'),
(697, '199', 50, 0, '2019-04-21 19:44:30', '::1'),
(698, '199', 51, 0, '2019-04-21 19:44:30', '::1'),
(699, '199', 52, 0, '2019-04-21 19:44:30', '::1'),
(700, '199', 53, 0, '2019-04-21 19:44:30', '::1'),
(701, '199', 54, 0, '2019-04-21 19:44:30', '::1'),
(702, '199', 55, 0, '2019-04-21 19:44:30', '::1'),
(703, '199', 56, 0, '2019-04-21 19:44:30', '::1'),
(704, '199', 57, 0, '2019-04-21 19:44:30', '::1'),
(705, '199', 58, 0, '2019-04-21 19:44:30', '::1'),
(706, '199', 59, 0, '2019-04-21 19:44:30', '::1'),
(707, '199', 60, 0, '2019-04-21 19:44:30', '::1'),
(708, '199', 61, 0, '2019-04-21 19:44:30', '::1'),
(709, '199', 62, 0, '2019-04-21 19:44:30', '::1'),
(710, '199', 63, 0, '2019-04-21 19:44:30', '::1'),
(711, '199', 64, 0, '2019-04-21 19:44:30', '::1'),
(712, '199', 65, 0, '2019-04-21 19:44:30', '::1'),
(713, '199', 66, 0, '2019-04-21 19:44:30', '::1'),
(714, '199', 67, 0, '2019-04-21 19:44:30', '::1'),
(715, '199', 68, 0, '2019-04-21 19:44:30', '::1'),
(716, '199', 69, 0, '2019-04-21 19:44:30', '::1'),
(717, '199', 70, 0, '2019-04-21 19:44:30', '::1'),
(718, '199', 71, 0, '2019-04-21 19:44:30', '::1'),
(719, '200', 1, 0, '2019-04-21 19:44:50', '::1'),
(720, '200', 2, 0, '2019-04-21 19:44:50', '::1'),
(721, '200', 3, 0, '2019-04-21 19:44:50', '::1'),
(722, '200', 4, 0, '2019-04-21 19:44:50', '::1'),
(723, '200', 5, 0, '2019-04-21 19:44:50', '::1'),
(724, '200', 6, 0, '2019-04-21 19:44:50', '::1'),
(725, '200', 7, 0, '2019-04-21 19:44:50', '::1'),
(726, '200', 8, 0, '2019-04-21 19:44:50', '::1'),
(727, '200', 9, 0, '2019-04-21 19:44:50', '::1'),
(728, '200', 10, 0, '2019-04-21 19:44:50', '::1'),
(729, '200', 11, 0, '2019-04-21 19:44:50', '::1'),
(730, '200', 12, 0, '2019-04-21 19:44:50', '::1'),
(731, '200', 13, 0, '2019-04-21 19:44:50', '::1'),
(732, '200', 14, 0, '2019-04-21 19:44:50', '::1'),
(733, '200', 15, 0, '2019-04-21 19:44:50', '::1'),
(734, '200', 16, 0, '2019-04-21 19:44:50', '::1'),
(735, '200', 17, 0, '2019-04-21 19:44:50', '::1'),
(736, '200', 18, 0, '2019-04-21 19:44:50', '::1'),
(737, '200', 19, 0, '2019-04-21 19:44:50', '::1'),
(738, '200', 20, 0, '2019-04-21 19:44:50', '::1'),
(739, '200', 21, 0, '2019-04-21 19:44:50', '::1'),
(740, '200', 22, 0, '2019-04-21 19:44:50', '::1'),
(741, '200', 23, 0, '2019-04-21 19:44:50', '::1'),
(742, '200', 24, 0, '2019-04-21 19:44:50', '::1'),
(743, '200', 25, 0, '2019-04-21 19:44:50', '::1'),
(744, '200', 26, 0, '2019-04-21 19:44:50', '::1'),
(745, '200', 27, 0, '2019-04-21 19:44:50', '::1'),
(746, '200', 28, 0, '2019-04-21 19:44:50', '::1'),
(747, '200', 29, 0, '2019-04-21 19:44:50', '::1'),
(748, '200', 30, 0, '2019-04-21 19:44:50', '::1'),
(749, '200', 31, 0, '2019-04-21 19:44:50', '::1'),
(750, '200', 32, 0, '2019-04-21 19:44:50', '::1'),
(751, '200', 33, 0, '2019-04-21 19:44:50', '::1'),
(752, '200', 34, 0, '2019-04-21 19:44:50', '::1'),
(753, '200', 35, 0, '2019-04-21 19:44:50', '::1'),
(754, '200', 36, 0, '2019-04-21 19:44:50', '::1'),
(755, '200', 37, 0, '2019-04-21 19:44:50', '::1'),
(756, '200', 38, 0, '2019-04-21 19:44:50', '::1'),
(757, '200', 39, 0, '2019-04-21 19:44:50', '::1'),
(758, '200', 40, 0, '2019-04-21 19:44:50', '::1'),
(759, '200', 41, 0, '2019-04-21 19:44:50', '::1'),
(760, '200', 42, 0, '2019-04-21 19:44:50', '::1'),
(761, '200', 43, 0, '2019-04-21 19:44:50', '::1'),
(762, '200', 44, 0, '2019-04-21 19:44:50', '::1'),
(763, '200', 45, 0, '2019-04-21 19:44:50', '::1'),
(764, '200', 46, 0, '2019-04-21 19:44:50', '::1'),
(765, '200', 47, 0, '2019-04-21 19:44:50', '::1'),
(766, '200', 48, 0, '2019-04-21 19:44:50', '::1'),
(767, '200', 49, 0, '2019-04-21 19:44:50', '::1'),
(768, '200', 50, 0, '2019-04-21 19:44:50', '::1'),
(769, '200', 51, 0, '2019-04-21 19:44:50', '::1'),
(770, '200', 52, 0, '2019-04-21 19:44:50', '::1'),
(771, '200', 53, 0, '2019-04-21 19:44:50', '::1'),
(772, '200', 54, 0, '2019-04-21 19:44:50', '::1'),
(773, '200', 55, 0, '2019-04-21 19:44:50', '::1'),
(774, '200', 56, 0, '2019-04-21 19:44:50', '::1'),
(775, '200', 57, 0, '2019-04-21 19:44:50', '::1'),
(776, '200', 58, 0, '2019-04-21 19:44:50', '::1'),
(777, '200', 59, 0, '2019-04-21 19:44:50', '::1'),
(778, '200', 60, 0, '2019-04-21 19:44:51', '::1'),
(779, '200', 61, 0, '2019-04-21 19:44:51', '::1'),
(780, '200', 62, 0, '2019-04-21 19:44:51', '::1'),
(781, '200', 63, 0, '2019-04-21 19:44:51', '::1'),
(782, '200', 64, 0, '2019-04-21 19:44:51', '::1'),
(783, '200', 65, 0, '2019-04-21 19:44:51', '::1'),
(784, '200', 66, 0, '2019-04-21 19:44:51', '::1'),
(785, '200', 67, 0, '2019-04-21 19:44:51', '::1'),
(786, '200', 68, 0, '2019-04-21 19:44:51', '::1'),
(787, '200', 69, 0, '2019-04-21 19:44:51', '::1'),
(788, '200', 70, 0, '2019-04-21 19:44:51', '::1'),
(789, '200', 71, 0, '2019-04-21 19:44:51', '::1'),
(790, '201', 1, 0, '2019-04-21 19:45:22', '::1'),
(791, '201', 2, 0, '2019-04-21 19:45:22', '::1'),
(792, '201', 3, 0, '2019-04-21 19:45:22', '::1'),
(793, '201', 4, 0, '2019-04-21 19:45:22', '::1'),
(794, '201', 5, 0, '2019-04-21 19:45:22', '::1'),
(795, '201', 6, 0, '2019-04-21 19:45:22', '::1'),
(796, '201', 7, 0, '2019-04-21 19:45:22', '::1'),
(797, '201', 8, 0, '2019-04-21 19:45:22', '::1'),
(798, '201', 9, 0, '2019-04-21 19:45:22', '::1'),
(799, '201', 10, 0, '2019-04-21 19:45:22', '::1'),
(800, '201', 11, 0, '2019-04-21 19:45:22', '::1'),
(801, '201', 12, 0, '2019-04-21 19:45:22', '::1'),
(802, '201', 13, 0, '2019-04-21 19:45:22', '::1'),
(803, '201', 14, 0, '2019-04-21 19:45:22', '::1'),
(804, '201', 15, 0, '2019-04-21 19:45:22', '::1'),
(805, '201', 16, 0, '2019-04-21 19:45:22', '::1'),
(806, '201', 17, 0, '2019-04-21 19:45:22', '::1'),
(807, '201', 18, 0, '2019-04-21 19:45:22', '::1'),
(808, '201', 19, 0, '2019-04-21 19:45:22', '::1'),
(809, '201', 20, 0, '2019-04-21 19:45:22', '::1'),
(810, '201', 21, 0, '2019-04-21 19:45:22', '::1'),
(811, '201', 22, 0, '2019-04-21 19:45:22', '::1'),
(812, '201', 23, 0, '2019-04-21 19:45:22', '::1'),
(813, '201', 24, 0, '2019-04-21 19:45:22', '::1'),
(814, '201', 25, 0, '2019-04-21 19:45:22', '::1'),
(815, '201', 26, 0, '2019-04-21 19:45:22', '::1'),
(816, '201', 27, 0, '2019-04-21 19:45:22', '::1'),
(817, '201', 28, 0, '2019-04-21 19:45:22', '::1'),
(818, '201', 29, 0, '2019-04-21 19:45:22', '::1'),
(819, '201', 30, 0, '2019-04-21 19:45:22', '::1'),
(820, '201', 31, 0, '2019-04-21 19:45:22', '::1'),
(821, '201', 32, 0, '2019-04-21 19:45:22', '::1'),
(822, '201', 33, 0, '2019-04-21 19:45:22', '::1'),
(823, '201', 34, 0, '2019-04-21 19:45:22', '::1'),
(824, '201', 35, 0, '2019-04-21 19:45:22', '::1'),
(825, '201', 36, 0, '2019-04-21 19:45:22', '::1'),
(826, '201', 37, 0, '2019-04-21 19:45:22', '::1'),
(827, '201', 38, 0, '2019-04-21 19:45:22', '::1'),
(828, '201', 39, 0, '2019-04-21 19:45:22', '::1'),
(829, '201', 40, 0, '2019-04-21 19:45:22', '::1'),
(830, '201', 41, 0, '2019-04-21 19:45:22', '::1'),
(831, '201', 42, 0, '2019-04-21 19:45:22', '::1'),
(832, '201', 43, 0, '2019-04-21 19:45:22', '::1'),
(833, '201', 44, 0, '2019-04-21 19:45:22', '::1'),
(834, '201', 45, 0, '2019-04-21 19:45:22', '::1'),
(835, '201', 46, 0, '2019-04-21 19:45:22', '::1'),
(836, '201', 47, 0, '2019-04-21 19:45:22', '::1'),
(837, '201', 48, 0, '2019-04-21 19:45:22', '::1'),
(838, '201', 49, 0, '2019-04-21 19:45:22', '::1'),
(839, '201', 50, 0, '2019-04-21 19:45:22', '::1'),
(840, '201', 51, 0, '2019-04-21 19:45:22', '::1'),
(841, '201', 52, 0, '2019-04-21 19:45:22', '::1'),
(842, '201', 53, 0, '2019-04-21 19:45:22', '::1'),
(843, '201', 54, 0, '2019-04-21 19:45:22', '::1'),
(844, '201', 55, 0, '2019-04-21 19:45:22', '::1'),
(845, '201', 56, 0, '2019-04-21 19:45:22', '::1'),
(846, '201', 57, 0, '2019-04-21 19:45:22', '::1'),
(847, '201', 58, 0, '2019-04-21 19:45:22', '::1'),
(848, '201', 59, 0, '2019-04-21 19:45:22', '::1'),
(849, '201', 60, 0, '2019-04-21 19:45:22', '::1'),
(850, '201', 61, 0, '2019-04-21 19:45:22', '::1'),
(851, '201', 62, 0, '2019-04-21 19:45:22', '::1'),
(852, '201', 63, 0, '2019-04-21 19:45:22', '::1'),
(853, '201', 64, 0, '2019-04-21 19:45:22', '::1'),
(854, '201', 65, 0, '2019-04-21 19:45:22', '::1'),
(855, '201', 66, 0, '2019-04-21 19:45:22', '::1'),
(856, '201', 67, 0, '2019-04-21 19:45:22', '::1'),
(857, '201', 68, 0, '2019-04-21 19:45:22', '::1'),
(858, '201', 69, 0, '2019-04-21 19:45:22', '::1'),
(859, '201', 70, 0, '2019-04-21 19:45:22', '::1'),
(860, '201', 71, 0, '2019-04-21 19:45:23', '::1'),
(861, '202', 1, 0, '2019-04-21 19:45:42', '::1'),
(862, '202', 2, NULL, '2019-04-21 19:45:42', '::1'),
(863, '202', 3, NULL, '2019-04-21 19:45:42', '::1'),
(864, '202', 4, NULL, '2019-04-21 19:45:42', '::1'),
(865, '202', 5, NULL, '2019-04-21 19:45:42', '::1'),
(866, '202', 6, NULL, '2019-04-21 19:45:42', '::1'),
(867, '202', 7, NULL, '2019-04-21 19:45:42', '::1'),
(868, '202', 8, NULL, '2019-04-21 19:45:42', '::1'),
(869, '202', 9, NULL, '2019-04-21 19:45:42', '::1'),
(870, '202', 10, NULL, '2019-04-21 19:45:42', '::1'),
(871, '202', 11, NULL, '2019-04-21 19:45:42', '::1'),
(872, '202', 12, NULL, '2019-04-21 19:45:42', '::1'),
(873, '202', 13, NULL, '2019-04-21 19:45:42', '::1'),
(874, '202', 14, NULL, '2019-04-21 19:45:42', '::1'),
(875, '202', 15, NULL, '2019-04-21 19:45:42', '::1'),
(876, '202', 16, NULL, '2019-04-21 19:45:42', '::1'),
(877, '202', 17, NULL, '2019-04-21 19:45:42', '::1'),
(878, '202', 18, NULL, '2019-04-21 19:45:42', '::1'),
(879, '202', 19, NULL, '2019-04-21 19:45:42', '::1'),
(880, '202', 20, NULL, '2019-04-21 19:45:42', '::1'),
(881, '202', 21, NULL, '2019-04-21 19:45:42', '::1'),
(882, '202', 22, NULL, '2019-04-21 19:45:42', '::1'),
(883, '202', 23, NULL, '2019-04-21 19:45:42', '::1'),
(884, '202', 24, NULL, '2019-04-21 19:45:42', '::1'),
(885, '202', 25, NULL, '2019-04-21 19:45:42', '::1'),
(886, '202', 26, NULL, '2019-04-21 19:45:42', '::1'),
(887, '202', 27, NULL, '2019-04-21 19:45:42', '::1'),
(888, '202', 28, NULL, '2019-04-21 19:45:42', '::1'),
(889, '202', 29, NULL, '2019-04-21 19:45:42', '::1'),
(890, '202', 30, NULL, '2019-04-21 19:45:42', '::1'),
(891, '202', 31, NULL, '2019-04-21 19:45:42', '::1'),
(892, '202', 32, NULL, '2019-04-21 19:45:42', '::1'),
(893, '202', 33, NULL, '2019-04-21 19:45:42', '::1'),
(894, '202', 34, NULL, '2019-04-21 19:45:42', '::1'),
(895, '202', 35, NULL, '2019-04-21 19:45:42', '::1'),
(896, '202', 36, NULL, '2019-04-21 19:45:42', '::1'),
(897, '202', 37, NULL, '2019-04-21 19:45:42', '::1'),
(898, '202', 38, NULL, '2019-04-21 19:45:42', '::1'),
(899, '202', 39, NULL, '2019-04-21 19:45:42', '::1'),
(900, '202', 40, NULL, '2019-04-21 19:45:43', '::1'),
(901, '202', 41, NULL, '2019-04-21 19:45:43', '::1'),
(902, '202', 42, NULL, '2019-04-21 19:45:43', '::1'),
(903, '202', 43, NULL, '2019-04-21 19:45:43', '::1'),
(904, '202', 44, NULL, '2019-04-21 19:45:43', '::1'),
(905, '202', 45, NULL, '2019-04-21 19:45:43', '::1'),
(906, '202', 46, NULL, '2019-04-21 19:45:43', '::1'),
(907, '202', 47, NULL, '2019-04-21 19:45:43', '::1'),
(908, '202', 48, NULL, '2019-04-21 19:45:43', '::1'),
(909, '202', 49, NULL, '2019-04-21 19:45:43', '::1'),
(910, '202', 50, NULL, '2019-04-21 19:45:43', '::1'),
(911, '202', 51, NULL, '2019-04-21 19:45:43', '::1'),
(912, '202', 52, NULL, '2019-04-21 19:45:43', '::1'),
(913, '202', 53, NULL, '2019-04-21 19:45:43', '::1'),
(914, '202', 54, NULL, '2019-04-21 19:45:43', '::1'),
(915, '202', 55, NULL, '2019-04-21 19:45:43', '::1'),
(916, '202', 56, NULL, '2019-04-21 19:45:43', '::1'),
(917, '202', 57, NULL, '2019-04-21 19:45:43', '::1'),
(918, '202', 58, NULL, '2019-04-21 19:45:43', '::1'),
(919, '202', 59, NULL, '2019-04-21 19:45:43', '::1'),
(920, '202', 60, NULL, '2019-04-21 19:45:43', '::1'),
(921, '202', 61, NULL, '2019-04-21 19:45:43', '::1'),
(922, '202', 62, NULL, '2019-04-21 19:45:43', '::1'),
(923, '202', 63, NULL, '2019-04-21 19:45:43', '::1'),
(924, '202', 64, NULL, '2019-04-21 19:45:43', '::1'),
(925, '202', 65, NULL, '2019-04-21 19:45:43', '::1'),
(926, '202', 66, NULL, '2019-04-21 19:45:43', '::1'),
(927, '202', 67, NULL, '2019-04-21 19:45:43', '::1'),
(928, '202', 68, NULL, '2019-04-21 19:45:43', '::1'),
(929, '202', 69, NULL, '2019-04-21 19:45:43', '::1'),
(930, '202', 70, NULL, '2019-04-21 19:45:43', '::1'),
(931, '202', 71, NULL, '2019-04-21 19:45:43', '::1'),
(932, '202', 72, NULL, '2019-04-21 19:45:43', '::1'),
(933, '202', 73, NULL, '2019-04-21 19:45:43', '::1'),
(934, '202', 74, NULL, '2019-04-21 19:45:43', '::1'),
(935, '202', 75, NULL, '2019-04-21 19:45:43', '::1'),
(936, '203', 1, 5.5, '2019-04-21 19:46:03', '::1'),
(937, '203', 2, 8, '2019-04-21 19:46:03', '::1'),
(938, '203', 3, 11, '2019-04-21 19:46:03', '::1'),
(939, '203', 4, 5.5, '2019-04-21 19:46:03', '::1'),
(940, '203', 5, 5.5, '2019-04-21 19:46:03', '::1'),
(941, '203', 6, 8, '2019-04-21 19:46:03', '::1'),
(942, '203', 7, 2, '2019-04-21 19:46:03', '::1'),
(943, '203', 8, 3, '2019-04-21 19:46:03', '::1'),
(944, '203', 9, 3, '2019-04-21 19:46:03', '::1'),
(945, '203', 10, 3, '2019-04-21 19:46:03', '::1'),
(946, '203', 11, 3.5, '2019-04-21 19:46:03', '::1'),
(947, '203', 12, 3.5, '2019-04-21 19:46:03', '::1'),
(948, '203', 13, 7.5, '2019-04-21 19:46:03', '::1'),
(949, '203', 14, 3.5, '2019-04-21 19:46:03', '::1'),
(950, '203', 15, 3.5, '2019-04-21 19:46:03', '::1'),
(951, '203', 16, 2, '2019-04-21 19:46:03', '::1'),
(952, '203', 17, 0, '2019-04-21 19:46:03', '::1'),
(953, '203', 18, 0, '2019-04-21 19:46:03', '::1'),
(954, '203', 19, 0, '2019-04-21 19:46:03', '::1'),
(955, '203', 20, 0, '2019-04-21 19:46:04', '::1'),
(956, '203', 21, 0, '2019-04-21 19:46:04', '::1'),
(957, '203', 22, 0, '2019-04-21 19:46:04', '::1'),
(958, '203', 23, 0, '2019-04-21 19:46:04', '::1'),
(959, '203', 24, 0, '2019-04-21 19:46:04', '::1'),
(960, '203', 25, 0, '2019-04-21 19:46:04', '::1'),
(961, '203', 26, 3, '2019-04-21 19:46:04', '::1'),
(962, '203', 27, 4, '2019-04-21 19:46:04', '::1'),
(963, '203', 28, 5.5, '2019-04-21 19:46:04', '::1'),
(964, '203', 29, 3.5, '2019-04-21 19:46:04', '::1'),
(965, '203', 30, 2, '2019-04-21 19:46:04', '::1'),
(966, '203', 31, 5.5, '2019-04-21 19:46:04', '::1'),
(967, '203', 32, 8, '2019-04-21 19:46:04', '::1'),
(968, '203', 33, 3.5, '2019-04-21 19:46:04', '::1'),
(969, '203', 34, 5.5, '2019-04-21 19:46:04', '::1'),
(970, '203', 35, 3.5, '2019-04-21 19:46:04', '::1'),
(971, '203', 36, 0, '2019-04-21 19:46:04', '::1'),
(972, '203', 37, 3.5, '2019-04-21 19:46:04', '::1'),
(973, '203', 38, 3, '2019-04-21 19:46:04', '::1'),
(974, '203', 39, 5.5, '2019-04-21 19:46:04', '::1'),
(975, '203', 40, 0, '2019-04-21 19:46:04', '::1'),
(976, '203', 41, 2, '2019-04-21 19:46:04', '::1'),
(977, '203', 42, 0, '2019-04-21 19:46:04', '::1'),
(978, '203', 43, 0, '2019-04-21 19:46:04', '::1'),
(979, '203', 44, 0, '2019-04-21 19:46:04', '::1'),
(980, '203', 45, 0, '2019-04-21 19:46:04', '::1'),
(981, '203', 46, 0, '2019-04-21 19:46:04', '::1'),
(982, '203', 47, 0, '2019-04-21 19:46:04', '::1'),
(983, '203', 48, 0, '2019-04-21 19:46:04', '::1'),
(984, '203', 49, 0, '2019-04-21 19:46:04', '::1'),
(985, '203', 50, 0, '2019-04-21 19:46:04', '::1'),
(986, '203', 51, 0, '2019-04-21 19:46:04', '::1'),
(987, '203', 52, 0, '2019-04-21 19:46:04', '::1'),
(988, '203', 53, 0, '2019-04-21 19:46:04', '::1'),
(989, '203', 54, 0, '2019-04-21 19:46:04', '::1'),
(990, '203', 55, 300, '2019-04-21 19:46:04', '::1'),
(991, '203', 56, 0, '2019-04-21 19:46:04', '::1'),
(992, '203', 57, 5.5, '2019-04-21 19:46:04', '::1'),
(993, '203', 58, 0, '2019-04-21 19:46:04', '::1'),
(994, '203', 59, 0, '2019-04-21 19:46:04', '::1'),
(995, '203', 60, 0, '2019-04-21 19:46:04', '::1'),
(996, '203', 61, 11, '2019-04-21 19:46:04', '::1'),
(997, '203', 62, 5.25, '2019-04-21 19:46:04', '::1'),
(998, '203', 63, 3.5, '2019-04-21 19:46:04', '::1'),
(999, '203', 64, 5.5, '2019-04-21 19:46:04', '::1'),
(1000, '203', 65, 8, '2019-04-21 19:46:04', '::1'),
(1001, '203', 66, 0, '2019-04-21 19:46:04', '::1'),
(1002, '203', 67, 0, '2019-04-21 19:46:04', '::1'),
(1003, '203', 68, 0, '2019-04-21 19:46:04', '::1'),
(1004, '203', 69, 0, '2019-04-21 19:46:04', '::1'),
(1005, '203', 70, 0, '2019-04-21 19:46:04', '::1'),
(1006, '203', 71, 0, '2019-04-21 19:46:04', '::1'),
(1007, '203', 72, 0, '2019-04-21 19:46:04', '::1'),
(1008, '203', 73, 0, '2019-04-21 19:46:04', '::1'),
(1009, '203', 74, 0, '2019-04-21 19:46:04', '::1'),
(1010, '203', 75, 0, '2019-04-21 19:46:04', '::1'),
(1011, '204', 1, 5.5, '2019-04-21 19:46:25', '::1'),
(1012, '204', 2, 8, '2019-04-21 19:46:25', '::1'),
(1013, '204', 3, 11, '2019-04-21 19:46:25', '::1'),
(1014, '204', 4, 5.5, '2019-04-21 19:46:25', '::1'),
(1015, '204', 5, 5.5, '2019-04-21 19:46:25', '::1'),
(1016, '204', 6, 8, '2019-04-21 19:46:25', '::1'),
(1017, '204', 7, 2, '2019-04-21 19:46:25', '::1'),
(1018, '204', 8, 3, '2019-04-21 19:46:25', '::1'),
(1019, '204', 9, 3, '2019-04-21 19:46:25', '::1'),
(1020, '204', 10, 3, '2019-04-21 19:46:25', '::1'),
(1021, '204', 11, 3.5, '2019-04-21 19:46:25', '::1'),
(1022, '204', 12, 3.5, '2019-04-21 19:46:25', '::1'),
(1023, '204', 13, 7.5, '2019-04-21 19:46:25', '::1'),
(1024, '204', 14, 3.5, '2019-04-21 19:46:25', '::1'),
(1025, '204', 15, 3.5, '2019-04-21 19:46:25', '::1'),
(1026, '204', 16, 2, '2019-04-21 19:46:25', '::1'),
(1027, '204', 17, 0, '2019-04-21 19:46:25', '::1'),
(1028, '204', 18, 0, '2019-04-21 19:46:25', '::1'),
(1029, '204', 19, 0, '2019-04-21 19:46:25', '::1'),
(1030, '204', 20, 0, '2019-04-21 19:46:25', '::1'),
(1031, '204', 21, 0, '2019-04-21 19:46:25', '::1'),
(1032, '204', 22, 0, '2019-04-21 19:46:25', '::1'),
(1033, '204', 23, 0, '2019-04-21 19:46:25', '::1'),
(1034, '204', 24, 0, '2019-04-21 19:46:25', '::1'),
(1035, '204', 25, 0, '2019-04-21 19:46:25', '::1'),
(1036, '204', 26, 3, '2019-04-21 19:46:25', '::1'),
(1037, '204', 27, 4, '2019-04-21 19:46:25', '::1'),
(1038, '204', 28, 5.5, '2019-04-21 19:46:25', '::1'),
(1039, '204', 29, 3.5, '2019-04-21 19:46:25', '::1'),
(1040, '204', 30, 2, '2019-04-21 19:46:25', '::1'),
(1041, '204', 31, 5.5, '2019-04-21 19:46:25', '::1'),
(1042, '204', 32, 8, '2019-04-21 19:46:25', '::1'),
(1043, '204', 33, 3.5, '2019-04-21 19:46:25', '::1'),
(1044, '204', 34, 5.5, '2019-04-21 19:46:25', '::1'),
(1045, '204', 35, 3.5, '2019-04-21 19:46:25', '::1'),
(1046, '204', 36, 0, '2019-04-21 19:46:25', '::1'),
(1047, '204', 37, 3.5, '2019-04-21 19:46:25', '::1'),
(1048, '204', 38, 3, '2019-04-21 19:46:26', '::1'),
(1049, '204', 39, 5.5, '2019-04-21 19:46:26', '::1'),
(1050, '204', 40, 0, '2019-04-21 19:46:26', '::1'),
(1051, '204', 41, 2, '2019-04-21 19:46:26', '::1'),
(1052, '204', 42, 0, '2019-04-21 19:46:26', '::1'),
(1053, '204', 43, 0, '2019-04-21 19:46:26', '::1'),
(1054, '204', 44, 0, '2019-04-21 19:46:26', '::1'),
(1055, '204', 45, 0, '2019-04-21 19:46:26', '::1'),
(1056, '204', 46, 0, '2019-04-21 19:46:26', '::1'),
(1057, '204', 47, 0, '2019-04-21 19:46:26', '::1'),
(1058, '204', 48, 0, '2019-04-21 19:46:26', '::1'),
(1059, '204', 49, 0, '2019-04-21 19:46:26', '::1'),
(1060, '204', 50, 0, '2019-04-21 19:46:26', '::1'),
(1061, '204', 51, 0, '2019-04-21 19:46:26', '::1'),
(1062, '204', 52, 0, '2019-04-21 19:46:26', '::1'),
(1063, '204', 53, 0, '2019-04-21 19:46:26', '::1'),
(1064, '204', 54, 0, '2019-04-21 19:46:26', '::1'),
(1065, '204', 55, 300, '2019-04-21 19:46:26', '::1'),
(1066, '204', 56, 0, '2019-04-21 19:46:26', '::1'),
(1067, '204', 57, 5.5, '2019-04-21 19:46:26', '::1'),
(1068, '204', 58, 0, '2019-04-21 19:46:26', '::1'),
(1069, '204', 59, 0, '2019-04-21 19:46:26', '::1'),
(1070, '204', 60, 0, '2019-04-21 19:46:26', '::1'),
(1071, '204', 61, 11, '2019-04-21 19:46:26', '::1'),
(1072, '204', 62, 5.25, '2019-04-21 19:46:26', '::1'),
(1073, '204', 63, 3.5, '2019-04-21 19:46:26', '::1'),
(1074, '204', 64, 5.5, '2019-04-21 19:46:26', '::1'),
(1075, '204', 65, 8, '2019-04-21 19:46:26', '::1'),
(1076, '204', 66, 0, '2019-04-21 19:46:26', '::1'),
(1077, '204', 67, 0, '2019-04-21 19:46:26', '::1'),
(1078, '204', 68, 0, '2019-04-21 19:46:26', '::1'),
(1079, '204', 69, 0, '2019-04-21 19:46:26', '::1'),
(1080, '204', 70, 0, '2019-04-21 19:46:26', '::1'),
(1081, '204', 71, 0, '2019-04-21 19:46:26', '::1'),
(1082, '204', 72, 0, '2019-04-21 19:46:26', '::1'),
(1083, '204', 73, 0, '2019-04-21 19:46:26', '::1'),
(1084, '204', 74, 0, '2019-04-21 19:46:26', '::1');
INSERT INTO `fitterprice` (`id`, `fitter_id`, `job_id`, `price`, `added_time`, `added_ip`) VALUES
(1085, '204', 75, 0, '2019-04-21 19:46:26', '::1'),
(1086, '205', 1, 0, '2019-04-21 19:46:46', '::1'),
(1087, '205', 2, 0, '2019-04-21 19:46:46', '::1'),
(1088, '205', 3, 0, '2019-04-21 19:46:46', '::1'),
(1089, '205', 4, 0, '2019-04-21 19:46:46', '::1'),
(1090, '205', 5, 0, '2019-04-21 19:46:46', '::1'),
(1091, '205', 6, 0, '2019-04-21 19:46:46', '::1'),
(1092, '205', 7, 0, '2019-04-21 19:46:46', '::1'),
(1093, '205', 8, 0, '2019-04-21 19:46:46', '::1'),
(1094, '205', 9, 0, '2019-04-21 19:46:46', '::1'),
(1095, '205', 10, 0, '2019-04-21 19:46:46', '::1'),
(1096, '205', 11, 0, '2019-04-21 19:46:46', '::1'),
(1097, '205', 12, 0, '2019-04-21 19:46:46', '::1'),
(1098, '205', 13, 0, '2019-04-21 19:46:46', '::1'),
(1099, '205', 14, 0, '2019-04-21 19:46:46', '::1'),
(1100, '205', 15, 0, '2019-04-21 19:46:46', '::1'),
(1101, '205', 16, 0, '2019-04-21 19:46:46', '::1'),
(1102, '205', 17, 0, '2019-04-21 19:46:46', '::1'),
(1103, '205', 18, 0, '2019-04-21 19:46:46', '::1'),
(1104, '205', 19, 0, '2019-04-21 19:46:46', '::1'),
(1105, '205', 20, 0, '2019-04-21 19:46:46', '::1'),
(1106, '205', 21, 0, '2019-04-21 19:46:46', '::1'),
(1107, '205', 22, 0, '2019-04-21 19:46:46', '::1'),
(1108, '205', 23, 0, '2019-04-21 19:46:46', '::1'),
(1109, '205', 24, 0, '2019-04-21 19:46:46', '::1'),
(1110, '205', 25, 0, '2019-04-21 19:46:46', '::1'),
(1111, '205', 26, 0, '2019-04-21 19:46:46', '::1'),
(1112, '205', 27, 0, '2019-04-21 19:46:46', '::1'),
(1113, '205', 28, 0, '2019-04-21 19:46:46', '::1'),
(1114, '205', 29, 0, '2019-04-21 19:46:46', '::1'),
(1115, '205', 30, 0, '2019-04-21 19:46:46', '::1'),
(1116, '205', 31, 0, '2019-04-21 19:46:46', '::1'),
(1117, '205', 32, 0, '2019-04-21 19:46:46', '::1'),
(1118, '205', 33, 0, '2019-04-21 19:46:46', '::1'),
(1119, '205', 34, 0, '2019-04-21 19:46:46', '::1'),
(1120, '205', 35, 0, '2019-04-21 19:46:46', '::1'),
(1121, '205', 36, 0, '2019-04-21 19:46:46', '::1'),
(1122, '205', 37, 0, '2019-04-21 19:46:46', '::1'),
(1123, '205', 38, 0, '2019-04-21 19:46:46', '::1'),
(1124, '205', 39, 0, '2019-04-21 19:46:46', '::1'),
(1125, '205', 40, 0, '2019-04-21 19:46:46', '::1'),
(1126, '205', 41, 0, '2019-04-21 19:46:46', '::1'),
(1127, '205', 42, 0, '2019-04-21 19:46:46', '::1'),
(1128, '205', 43, 0, '2019-04-21 19:46:46', '::1'),
(1129, '205', 44, 0, '2019-04-21 19:46:46', '::1'),
(1130, '205', 45, 0, '2019-04-21 19:46:46', '::1'),
(1131, '205', 46, 0, '2019-04-21 19:46:46', '::1'),
(1132, '205', 47, 0, '2019-04-21 19:46:47', '::1'),
(1133, '205', 48, 0, '2019-04-21 19:46:47', '::1'),
(1134, '205', 49, 0, '2019-04-21 19:46:47', '::1'),
(1135, '205', 50, 0, '2019-04-21 19:46:47', '::1'),
(1136, '205', 51, 0, '2019-04-21 19:46:47', '::1'),
(1137, '205', 52, 0, '2019-04-21 19:46:47', '::1'),
(1138, '205', 53, 0, '2019-04-21 19:46:47', '::1'),
(1139, '205', 54, 0, '2019-04-21 19:46:47', '::1'),
(1140, '205', 55, 0, '2019-04-21 19:46:47', '::1'),
(1141, '205', 56, 0, '2019-04-21 19:46:47', '::1'),
(1142, '205', 57, 0, '2019-04-21 19:46:47', '::1'),
(1143, '205', 58, 0, '2019-04-21 19:46:47', '::1'),
(1144, '205', 59, 0, '2019-04-21 19:46:47', '::1'),
(1145, '205', 60, 0, '2019-04-21 19:46:47', '::1'),
(1146, '205', 61, 0, '2019-04-21 19:46:47', '::1'),
(1147, '205', 62, 0, '2019-04-21 19:46:47', '::1'),
(1148, '205', 63, 0, '2019-04-21 19:46:47', '::1'),
(1149, '205', 64, 0, '2019-04-21 19:46:47', '::1'),
(1150, '205', 65, 0, '2019-04-21 19:46:47', '::1'),
(1151, '205', 66, 0, '2019-04-21 19:46:47', '::1'),
(1152, '205', 67, 0, '2019-04-21 19:46:47', '::1'),
(1153, '205', 68, 0, '2019-04-21 19:46:47', '::1'),
(1154, '205', 69, 0, '2019-04-21 19:46:47', '::1'),
(1155, '205', 70, 0, '2019-04-21 19:46:47', '::1'),
(1156, '205', 71, 0, '2019-04-21 19:46:47', '::1'),
(1157, '205', 72, 0, '2019-04-21 19:46:47', '::1'),
(1158, '205', 73, 0, '2019-04-21 19:46:47', '::1'),
(1159, '205', 74, 0, '2019-04-21 19:46:47', '::1'),
(1160, '205', 75, 0, '2019-04-21 19:46:47', '::1'),
(1161, '205', 76, 0, '2019-04-21 19:46:47', '::1'),
(1162, '205', 77, 0, '2019-04-21 19:46:47', '::1'),
(1163, '205', 78, 0, '2019-04-21 19:46:47', '::1'),
(1164, '205', 79, 0, '2019-04-21 19:46:47', '::1'),
(1165, '205', 80, 0, '2019-04-21 19:46:47', '::1');

-- --------------------------------------------------------

--
-- Table structure for table `invoice`
--

CREATE TABLE `invoice` (
  `id` int(11) UNSIGNED NOT NULL,
  `invoice_no` varchar(100) DEFAULT NULL,
  `job_id` int(11) DEFAULT NULL,
  `client_id` int(11) DEFAULT NULL,
  `fitter_id` int(11) DEFAULT NULL,
  `job_type` int(11) DEFAULT NULL,
  `invoice_date` date DEFAULT NULL,
  `added_by` int(11) DEFAULT NULL,
  `added_time` datetime DEFAULT NULL,
  `added_ip` varchar(100) DEFAULT NULL,
  `send_email` int(1) DEFAULT NULL
) ENGINE=InnoDB DEFAULT CHARSET=utf8 ROW_FORMAT=DYNAMIC;

--
-- Dumping data for table `invoice`
--

INSERT INTO `invoice` (`id`, `invoice_no`, `job_id`, `client_id`, `fitter_id`, `job_type`, `invoice_date`, `added_by`, `added_time`, `added_ip`, `send_email`) VALUES
(1, '002', 1, 4, 204, 28, '2019-04-22', 1, '2019-04-22 16:50:40', '37.111.129.65', NULL),
(2, '009', 3, 4, 192, 7, '2019-05-06', 1, '2019-05-06 13:37:36', '94.173.50.162', NULL),
(3, '004', 2, 80, 194, 1, '2019-05-06', 1, '2019-05-06 13:37:56', '94.173.50.162', NULL),
(4, '005', 9, 59, 194, 11, '2019-05-07', 1, '2019-05-07 16:17:23', '94.173.50.162', NULL),
(5, '006', 4, 7, 202, 34, '2019-05-06', 1, '2019-05-10 13:48:21', '94.173.50.162', NULL),
(6, '007', 12, 20, 202, 28, '2019-07-29', 1, '2019-07-28 23:46:03', '::1', NULL);

-- --------------------------------------------------------

--
-- Table structure for table `jobs`
--

CREATE TABLE `jobs` (
  `id` int(11) UNSIGNED NOT NULL,
  `customer_name` varchar(150) DEFAULT NULL,
  `jobcode` varchar(150) DEFAULT NULL,
  `client_id` int(11) DEFAULT NULL,
  `address1` varchar(150) DEFAULT NULL,
  `address2` varchar(150) DEFAULT NULL,
  `address3` varchar(150) DEFAULT NULL,
  `country` varchar(100) DEFAULT NULL,
  `city` varchar(100) DEFAULT NULL,
  `postcode` varchar(100) DEFAULT NULL,
  `latitude` float DEFAULT NULL,
  `longitude` float DEFAULT NULL,
  `added_by` int(11) DEFAULT NULL,
  `added_time` datetime DEFAULT NULL,
  `added_ip` varchar(100) DEFAULT NULL
) ENGINE=InnoDB DEFAULT CHARSET=utf8;

--
-- Dumping data for table `jobs`
--

INSERT INTO `jobs` (`id`, `customer_name`, `jobcode`, `client_id`, `address1`, `address2`, `address3`, `country`, `city`, `postcode`, `latitude`, `longitude`, `added_by`, `added_time`, `added_ip`) VALUES
(1, 'xyz', 'AIRD_CO_001', 6, 'Pleasance Day Centre, 7 W Adam St, Edinburgh EH8 9SX, UK', '7', 'West Adam Street', 'United Kingdom', 'Edinburgh', 'EH8 9SX', 55.9533, -3.18827, 1, '2020-01-09 08:07:09', '37.111.135.0'),
(2, '', 'Nasir_Test_001', 188, '14 Hart St, Edinburgh EH1 3RN, UK', '14', 'Hart Street', 'United Kingdom', 'Edinburgh', 'EH1 3RN', 55.9585, -3.18837, 188, '2020-01-14 12:42:57', '88.98.194.178'),
(3, 'SMITH', 'BARRHEAD_PROPERTY_CENTRE_001', 20, '7 Salamander Street, Edinburgh, UK', '', '', 'United Kingdom', 'edinburgh', 'EH6 5ND', 55.9752, -3.1637, 1, '2020-01-15 13:13:54', '94.173.241.70'),
(4, 'JONES', 'ALLAN_MCDOUGALL_PENICUIK_001', 10, '102 PILTON AVENUE', '', '', 'United Kingdom', 'EDINBURGH', 'EH5 5LA', 55.9729, -3.23014, 1, '2020-01-15 13:51:18', '94.173.241.70'),
(5, '', 'WARNERS_001', 181, '2 Coates Cres, Edinburgh EH3 7AU, UK', '2', 'Coates Crescent', 'United Kingdom', 'Edinburgh', 'EH3 7AU', 55.9491, -3.21124, 1, '2020-01-15 16:25:02', '94.173.241.70'),
(6, 'WISHART', 'BALFOUR_MANSON_001', 18, '26 Britwell Cres, Edinburgh EH7 6PT, UK', '26', 'Britwell Crescent', 'United Kingdom', 'Edinburgh', 'EH7 6PT', 55.9581, -3.13938, 1, '2020-01-15 16:55:50', '94.173.241.70'),
(7, '', 'WARNERS_002', 181, '42/4 Northfield Broadway, Edinburgh EH8 7PH, UK', '42/4', 'Northfield Broadway', 'United Kingdom', 'Edinburgh', 'EH8 7PH', 55.9492, -3.13652, 1, '2020-01-15 16:59:24', '94.173.241.70'),
(9, '', 'ALLAN_MCDOUGALL_EDINBURGH_001', 9, '21 FLAT 2 SOUTRA ROAD', '', '', 'United Kingdom', 'EDINBURGH', 'EH16', 55.9533, -3.18827, 1, '2020-01-15 17:01:46', '94.173.241.70'),
(10, '', 'BROUGHTON_PROPERTIES_001', 32, '105 Granton Rd, Edinburgh EH5 3NJ, UK', '141/7', 'Granton Road', 'United Kingdom', 'Edinburgh', 'EH5 3NJ', 55.9754, -3.21525, 1, '2020-01-16 14:55:05', '94.173.241.70'),
(11, 'SMITH', 'BALFOUR_MANSON_002', 18, '277 PILTON AVENUE', '85', 'Pilton Drive', 'United Kingdom', 'Edinburgh', 'EH5 2HJ', 55.9724, -3.23322, 1, '2020-01-16 14:57:16', '94.173.241.70'),
(12, 'WISHART', 'ANDERSON_STRATHERN_EDIN_001', 14, '2 Gracemount Rd, Edinburgh EH16 6PH, UK', '2', 'Gracemount Road', 'United Kingdom', 'Edinburgh', 'EH16 6PH', 55.9008, -3.16326, 1, '2020-01-17 16:06:47', '94.173.241.70'),
(13, 'AULD', 'BALFOUR_MANSON_003', 18, '1 Main St, Winchburgh, Broxburn EH52 6RD, UK', '1', 'Main Street', 'United Kingdom', 'Winchburgh', 'EH52 6RD', 55.934, -3.47244, 1, '2020-01-23 15:22:19', '94.173.241.70'),
(14, 'YOUNG', 'BALFOUR_MANSON_004', 18, '95 Pilton Ave, Edinburgh EH5 2HS, UK', '95', 'Pilton Avenue', 'United Kingdom', 'Edinburgh', 'EH5 2HS', 55.9533, -3.18827, 1, '2020-01-23 15:30:22', '94.173.241.70'),
(15, 'Harry Potter', 'MOV8_001', 128, '8/12 Salamander St, Edinburgh EH6 7HR, UK', 'Salamander St', 'Salamander Street', 'United Kingdom', 'Edinburgh', 'EH6 7HR', 55.9752, -3.1637, 1, '2020-01-24 19:22:33', '10.178.2.187'),
(16, 'Harry Potter', 'MOV8_002', 128, '4-8 Newton St, Edinburgh EH11 1TF, UK', '4-8 Newton St', 'Newton Street', 'United Kingdom', 'Edinburgh', 'EH11 1TF', 55.9379, -3.23053, 1, '2020-01-26 19:41:42', '88.98.194.178'),
(17, '', 'MOV8_003', 128, '4-8 Newton St, Edinburgh EH11 1TF, UK', '4-8', 'Newton Street', 'United Kingdom', 'Edinburgh', 'EH11 1TF', 55.9379, -3.23053, 1, '2020-01-29 15:24:43', '94.173.241.70'),
(19, '', 'ALLAN_MCDOUGALL_PENICUIK_002', 10, '161/2 Great Jct St, Edinburgh EH6 5LG, UK', '161/2', 'Great Junction Street', 'United Kingdom', 'Edinburgh', 'EH6 5LG', 55.9731, -3.17625, 1, '2020-01-29 16:14:46', '94.173.241.70'),
(20, '', 'NORTHWOOD_002', 132, '37 Scotland St, Edinburgh EH3 6PY, UK', '37 SCOTLAND STREET', 'Scotland Street', 'United Kingdom', 'Edinburgh', 'EH3 6PY', 55.9604, -3.19509, 1, '2020-01-29 16:17:25', '94.173.241.70'),
(21, '', 'NORTHWOOD_003', 132, '37 Scotland St, Edinburgh EH3 6PY, UK', '37', 'Scotland Street', 'United Kingdom', 'Edinburgh', 'EH3 6PY', 55.9533, -3.18827, 1, '2020-01-30 09:11:27', '94.173.241.70'),
(22, '', 'BALFOUR_MANSON_005', 18, '10 Pilton Park, Edinburgh EH5 2JA, UK', '10', 'Pilton Park', 'United Kingdom', 'Edinburgh', 'EH5 2JA', 55.9752, -3.22895, 1, '2020-01-30 13:48:16', '94.173.241.70'),
(23, '', 'Abeirdein_Considine_001', 209, '25 Clarebank Cres, Edinburgh EH6 7NL, UK', '25', 'Clarebank Crescent', 'United Kingdom', 'Edinburgh', 'EH6 7NL', 55.9533, -3.18827, 1, '2020-01-30 15:04:51', '94.173.241.70'),
(25, 'wishat', 'CLANCY_HENDRIE_LEGAL_001', 45, '2 Gracemount Rd, Edinburgh EH16 6PH, UK', '2', 'Gracemount Road', 'United Kingdom', 'Edinburgh', 'EH16 6PH', 55.9008, -3.16326, 1, '2020-01-31 00:26:21', '77.103.38.77'),
(26, 'SMITH', 'Abeirdein_Considine_002', 209, '279 Pilton Ave, Edinburgh EH5 2LA, UK', '279', 'Pilton Avenue', 'United Kingdom', 'Edinburgh', 'EH5 2LA', 55.9724, -3.23322, 1, '2020-02-05 14:54:47', '94.173.241.70'),
(27, '', 'A_GRAY_MUIR_001', 3, '1A High St, Prestonpans EH32 9AN, UK', '1A', 'High Street', 'United Kingdom', 'East Lothian Council', 'EH32 9AN', 55.9631, -2.97581, 1, '2020-02-05 15:39:57', '94.173.241.70'),
(28, '', 'A_GRAY_MUIR_002', 3, '92 Comely Bank Ave, Edinburgh EH4 1HE, UK', '92 Comely Bank Ave', 'Comely Bank Avenue', 'United Kingdom', 'Edinburgh', 'EH4 1HE', 55.9572, -3.21723, 1, '2020-02-05 16:12:11', '94.173.241.70'),
(29, 'ANDERSON', 'BARRHEAD_LETTING_001', 21, '9 Gracemount Rd, Edinburgh EH16 6PH, UK', '9', 'Gracemount Road', 'United Kingdom', 'Edinburgh', 'EH16 6PH', 55.9533, -3.18827, 1, '2020-02-14 14:32:53', '94.173.241.70'),
(30, '', 'AM_FAGAN_ESTATES_AGENTS_LTD_001', 12, '51 Lloyds St, Coatbridge ML5 4BG, UK', '51 Lloyds St, Coatbridge ML5 4BG, UK', 'Lloyds Street', 'United Kingdom', 'North Lanarkshire', 'ML5 4BG', 55.8521, -4.02781, 1, '2020-02-24 15:41:41', '94.173.241.70'),
(31, '', 'GILSON_GRAY_001', 80, '6 Caledonian Ct, Kirknewton EH27 8BX, UK', '6', 'Caledonian Court', 'United Kingdom', 'West Lothian', 'EH27 8BX', 55.8891, -3.43135, 1, '2020-02-24 15:43:10', '94.173.241.70'),
(32, '', 'BRAEMORE_LETTING_001', 210, '3 Randolph Cres, Edinburgh EH3 7TH, UK', '3 Randolph Cres', 'Randolph Crescent', 'United Kingdom', 'Edinburgh', 'EH3 7TH', 55.9533, -3.18827, 1, '2020-02-24 15:55:00', '94.173.241.70'),
(33, '', 'BRAEMORE_LETTING_002', 210, '29-1 Johnston Terrace, Edinburgh EH1 2NH, UK', '29-1 Johnston Terrace', 'Johnston Terrace', 'United Kingdom', 'Edinburgh', 'EH1 2NH', 55.9533, -3.18827, 1, '2020-02-25 15:13:34', '94.173.241.70'),
(34, 'HUDSON', 'NEILSONS_001', 131, '33/4 Pilrig St, Edinburgh EH6 5AR, UK', '33/4', 'Pilrig Street', 'United Kingdom', 'Edinburgh', 'EH6 5AR', 55.9533, -3.18827, 1, '2020-02-25 15:24:26', '94.173.241.70'),
(35, '', 'EDINBURGH_LETTING_CENTRE_001', 67, '5 Cowan\'s Cl, Newington, Edinburgh EH8 9HF, UK', '5/1 COWANS CLOSE', 'Cowan\'s Close', 'United Kingdom', 'Edinburgh', 'EH8 9HF', 55.9533, -3.18827, 1, '2020-02-25 15:28:06', '94.173.241.70'),
(36, '', 'STURROCK_ARMSTRONG_THOMSON_001', 165, 'A702, Penicuik EH26 9NH, UK', 'CRAGSIDE ROGERSRIGG', 'A702', 'United Kingdom', 'Scotland', 'EH26 9NH', 55.9533, -3.18827, 1, '2020-02-25 15:37:25', '94.173.241.70'),
(38, '', 'SIMPSON_MARWICK_EDIN_001', 211, '89 Warrender Park Rd, Edinburgh EH9 1EW, UK', '89 Warrender Park Rd', 'Warrender Park Road', 'United Kingdom', 'Edinburgh', 'EH9 1EW', 55.9533, -3.18827, 1, '2020-02-25 15:48:37', '94.173.241.70'),
(39, '', 'THE_FLAT_COMPANY_001', 212, '45 Thirlestane Rd, Edinburgh EH9 1AP, UK', '45 (1F2) THIRLESTANE ROAD', 'Thirlestane Road', 'United Kingdom', 'Edinburgh', 'EH9 1AP', 55.9353, -3.19681, 1, '2020-02-25 15:57:15', '94.173.241.70'),
(40, '', 'STRUTT_PARKER_002', 164, '48/2 London St, Edinburgh EH3 6LX, UK', '48 LONDON STREET', 'London Street', 'United Kingdom', 'Edinburgh', 'EH3 6LX', 55.9533, -3.18827, 1, '2020-02-25 16:01:02', '94.173.241.70'),
(41, '', 'THE_FLAT_COMPANY_002', 212, '18 Melville Terrace, Edinburgh EH9 1LY, UK', '18 (3F1) Melville Terrace', 'Melville Terrace', 'United Kingdom', 'Edinburgh', 'EH9 1LY', 55.9533, -3.18827, 1, '2020-02-25 16:03:26', '94.173.241.70'),
(42, '', 'PROPERTY_LETTING_CENTRE_001', 139, '290/3 S Gyle Mains, Edinburgh EH12 9ES, UK', '314/5 SOUTH GYLE MAINS', 'South Gyle Mains', 'United Kingdom', 'Edinburgh', 'EH12 9ES', 55.9533, -3.18827, 1, '2020-02-27 14:26:44', '94.173.241.70'),
(43, 'GIBB', 'NEILSONS_002', 131, '32 Lower Granton Rd, Edinburgh EH5 3RS, UK', '32/1 LOWER GRANTON ROAD', 'Lower Granton Road', 'United Kingdom', 'Edinburgh', 'EH5 3RS', 55.9533, -3.18827, 1, '2020-02-27 14:32:10', '94.173.241.70'),
(44, '', 'WARNERS_003', 181, '824 Portland Gardens, Leith, Edinburgh EH6 6NJ, UK', '7 (FLAT1) POERTLAND GARDENS', 'Portland Gardens', 'United Kingdom', 'Edinburgh', 'EH6 6NJ', 55.9533, -3.18827, 1, '2020-02-27 14:35:23', '94.173.241.70'),
(45, 'WHITE', 'NEILSONS_003', 131, '7 Balgreen Park, Edinburgh EH12 5UE, UK', '7/4 BALGREEN PARK', 'Balgreen Park', 'United Kingdom', 'Edinburgh', 'EH12 5UE', 55.9533, -3.18827, 1, '2020-02-27 14:37:22', '94.173.241.70'),
(46, '', 'D_J_ALEXANDER_LEGAL_LLP_001', 59, '72 Pilton Park, Edinburgh EH5 2JB, UK', '70 PILTON PARK', 'Pilton Park', 'United Kingdom', 'Edinburgh', 'EH5 2JB', 55.9533, -3.18827, 1, '2020-02-27 14:39:43', '94.173.241.70'),
(47, '', 'WARNERS_004', 181, '75/5 Dalry Rd, Edinburgh EH11 2AA, UK', '83/7 DALRY ROAD', 'Dalry Road', 'United Kingdom', 'Edinburgh', 'EH11 2AA', 55.9533, -3.18827, 1, '2020-02-27 14:43:29', '94.173.241.70'),
(48, '', 'MOV8_004', 128, '48 Broomfield Cres, Edinburgh EH12 7LT, UK', '48 BROOMFIELD CRESCENT', 'Broomfield Crescent', 'United Kingdom', 'Edinburgh', 'EH12 7LT', 55.9533, -3.18827, 1, '2020-02-27 14:44:53', '94.173.241.70'),
(49, '', 'GILLESPIE_MACANDREW_001', 82, 'Kellerstain Lodge, Gogar Station Rd, Edinburgh EH12 9BS, UK', '8 GOGAR STATION ROAD', 'Gogar Station Road', 'United Kingdom', 'Edinburgh', 'EH12 9BS', 55.9533, -3.18827, 1, '2020-02-27 15:33:12', '94.173.241.70'),
(50, '', 'CLANCY_SOLICITORS_001', 213, '17 Parkgrove Terrace, Edinburgh EH4 7NY, UK', '17 PARKGROVE TERRACE', 'Parkgrove Terrace', 'United Kingdom', 'Edinburgh', 'EH4 7NY', 55.9533, -3.18827, 1, '2020-02-27 15:35:31', '94.173.241.70'),
(51, '', 'ELP_AM_MAIN_STREET_001', 70, '2 Drylaw House Gardens, Edinburgh EH4 2UE, UK', '2 DRYLAW HOUSE', 'Drylaw House Gardens', 'United Kingdom', 'Edinburgh', 'EH4 2UE', 55.9533, -3.18827, 1, '2020-02-27 15:47:47', '94.173.241.70'),
(52, '', 'WARNERS_005', 181, '46 Featherhall Avenue, Corstorphine, Edinburgh, UK', '46', 'Featherhall Avenue', 'United Kingdom', 'Edinburgh', 'EH12 7UN', 55.9403, -3.28773, 1, '2020-03-09 15:16:41', '94.173.241.70'),
(53, 'SMITH', 'TEST_001', 214, '277 PILTON AVENUE', '85', '', 'United Kingdom', 'Edinburgh', 'EH5 2HJ', 55.9533, -3.18827, 214, '2020-03-09 15:25:21', '94.173.241.70'),
(54, '', 'CLAN_GORDON_001', 44, '27/11 Sinclair Place, Edinburgh, UK', '27/11 Sinclair Place', 'Sinclair Place', 'United Kingdom', 'Edinburgh', 'EH11 1AN', 55.936, -3.23421, 1, '2020-03-09 15:42:32', '94.173.241.70'),
(55, '', 'CLAN_GORDON_002', 44, '51 Carrick Knowe Gardens, Edinburgh, UK', '51', 'Carrick Knowe Gardens', 'United Kingdom', 'Edinburgh', 'EH12 7EH', 55.9358, -3.27336, 1, '2020-03-09 15:43:46', '94.173.241.70'),
(56, '', 'CLAN_GORDON_003', 44, '3/9 North Werber Place, Edinburgh, UK', '9', 'North Werber Place', 'United Kingdom', 'Edinburgh', 'EH4 1TF', 55.9666, -3.22857, 1, '2020-03-09 15:45:48', '94.173.241.70'),
(57, '', 'CLAN_GORDON_004', 44, '4/3 Gilmours Entry, Edinburgh, UK', '1/3', 'Gilmours Entry', 'United Kingdom', 'Edinburgh', 'EH8 9XL', 55.9533, -3.18827, 1, '2020-03-09 15:47:42', '94.173.241.70'),
(58, '', 'CLAN_GORDON_005', 44, '13/1 Bothwell Street, Edinburgh, UK', '11/1', 'Bothwell Street', 'United Kingdom', 'Edinburgh', 'EH7 5PX', 55.9533, -3.18827, 1, '2020-03-09 15:49:28', '94.173.241.70'),
(59, '', 'CLAN_GORDON_006', 44, '16 Ivy Terrace, Edinburgh, UK', '5', 'Ivy Terrace', 'United Kingdom', 'Edinburgh', 'EH11 1PQ', 55.9348, -3.23, 1, '2020-03-09 15:50:29', '94.173.241.70'),
(60, '', 'CLAN_GORDON_007', 44, '7 Churchhill Drive, Edinburgh, UK', '6', 'Churchhill Drive', 'United Kingdom', 'Edinburgh', 'EH10 4BT', 55.9533, -3.18827, 1, '2020-03-09 15:51:32', '94.173.241.70'),
(61, '', 'CLAN_GORDON_008', 44, '1/6 Steel\'s Place, Edinburgh, UK', '1', 'Steel\'s Place', 'United Kingdom', 'Edinburgh', 'EH10 4QR', 55.9533, -3.18827, 1, '2020-03-09 15:52:46', '94.173.241.70'),
(62, '', 'CLAN_GORDON_009', 44, '7 Churchhill Drive, Edinburgh, UK', '6', 'Churchhill Drive', 'United Kingdom', 'Edinburgh', 'EH10 4BT', 55.9533, -3.18827, 1, '2020-03-09 15:55:42', '94.173.241.70'),
(63, '', 'CLAN_GORDON_0010', 44, '8/16 Sheriff Bank, Edinburgh, UK', '7', 'Sheriff Bank', 'United Kingdom', 'Edinburgh', 'EH6 6ES', 55.9749, -3.17423, 1, '2020-03-09 15:56:49', '94.173.241.70'),
(64, '', 'CLAN_GORDON_011', 44, '51 Carrick Knowe Gardens, Edinburgh, UK', '51', 'Carrick Knowe Gardens', 'United Kingdom', 'Edinburgh', 'EH12 7EH', 55.9533, -3.18827, 1, '2020-03-09 15:58:29', '94.173.241.70'),
(65, '', 'CLAN_GORDON_012', 44, '5/9 Ritchie Place, Edinburgh, UK', '5', 'Ritchie Place', 'United Kingdom', 'Edinburgh', 'EH11 1DT', 55.9533, -3.18827, 1, '2020-03-10 16:45:19', '94.173.241.70'),
(66, '', 'CLAN_GORDON_013', 44, '27/11 Sinclair Place, Edinburgh, UK', '29-8', 'Sinclair Place', 'United Kingdom', 'Edinburgh', 'EH11 1AN', 55.9533, -3.18827, 1, '2020-03-10 16:46:27', '94.173.241.70'),
(67, '', 'Jerry_Test_Comapny_Ltd_001', 215, '8 Salamander Court, Leith, Edinburgh, UK', '8', 'Salamander Court', 'United Kingdom', 'Edinburgh', 'EH6 7JN', 55.9747, -3.16288, 1, '2020-03-17 11:47:36', '88.98.194.178');

-- --------------------------------------------------------

--
-- Table structure for table `jobsattr`
--

CREATE TABLE `jobsattr` (
  `id` int(11) UNSIGNED NOT NULL,
  `job_id` int(11) DEFAULT NULL,
  `client_id` int(11) DEFAULT NULL,
  `sticker` varchar(150) DEFAULT NULL,
  `position` varchar(150) DEFAULT NULL,
  `added_time` datetime DEFAULT NULL,
  `added_ip` varchar(100) DEFAULT NULL,
  `status` int(11) DEFAULT NULL
) ENGINE=InnoDB DEFAULT CHARSET=utf8;

-- --------------------------------------------------------

--
-- Table structure for table `jobtype`
--

CREATE TABLE `jobtype` (
  `id` int(11) UNSIGNED NOT NULL,
  `name` varchar(100) DEFAULT NULL,
  `description` text,
  `price_a` float DEFAULT NULL,
  `price_b` float DEFAULT NULL,
  `status` int(1) DEFAULT NULL,
  `discount` float DEFAULT NULL,
  `print_name` varchar(10) DEFAULT NULL,
  `position` varchar(10) DEFAULT NULL,
  `added_by` int(11) DEFAULT NULL,
  `added_time` datetime DEFAULT NULL,
  `added_ip` varchar(100) DEFAULT NULL
) ENGINE=InnoDB DEFAULT CHARSET=utf8;

--
-- Dumping data for table `jobtype`
--

INSERT INTO `jobtype` (`id`, `name`, `description`, `price_a`, `price_b`, `status`, `discount`, `print_name`, `position`, `added_by`, `added_time`, `added_ip`) VALUES
(1, 'FSB', 'For Sale Board', 19.1, 0, 1, 50, 'N', 'N', 1, '2020-03-17 12:05:05', '119.155.41.200'),
(2, 'TO LET BD', 'To Let Board', 8, 2.5, 1, 50, 'N', 'N', 1, '2020-01-26 21:04:47', '119.160.103.193'),
(3, 'REM', 'Remove Board', 5, 1.2, 1, 50, 'N', 'N', 1, '2020-01-26 21:04:26', '119.160.103.193'),
(4, 'RE/ERECT', 'Re-Erect Board', 10, 3.6, 1, 50, 'N', 'N', 1, '2020-01-26 21:04:13', '119.160.103.193'),
(5, 'RE/ERECT NEW BD/POLE', 'Re-Erect New Board/Pole', 7, 4.2, 1, 50, 'N', 'N', 1, '2020-01-26 21:04:21', '119.160.103.193'),
(6, 'RESITE', 'Re-Site', 19.2, 5, 1, 50, 'N', 'N', 1, '2020-01-26 21:04:41', '119.160.103.193'),
(7, 'RE-SECURE', 'Re-Secure Board', 2, 0, 1, 50, 'N', 'N', 1, '2020-01-26 20:58:59', '119.160.103.193'),
(8, 'REM STICKERS', 'Remove Sticker', 5, 0, 1, 50, 'N', 'N', 1, '2020-01-26 21:04:30', '119.160.103.193'),
(9, 'ADD SOLD/LET BY?', 'Add Sold/Let By Sticker (Own)', 8, 0, 1, 50, 'N', 'N', 1, '2020-01-26 20:58:05', '119.160.103.193'),
(10, 'ADD (OWN OVER PLATES)', 'Add own overplate', 4.5, 0, 1, 50, 'N', 'N', 1, '2020-01-26 20:57:57', '119.160.103.193'),
(11, 'ADD STICKERS', 'Add Stickers', 8, 2, 1, 50, 'Y', 'N', 1, '2020-01-26 20:58:19', '119.160.103.193'),
(12, 'VBOARD', 'Add Vboard price according to size', 7, 0, 1, 50, 'N', 'N', 1, '2020-01-26 21:04:52', '119.160.103.193'),
(13, 'REM VBOARD', 'Remove VBoard', 10, 5, 1, 50, 'N', 'N', 1, '2020-01-26 21:04:34', '119.160.103.193'),
(14, 'Lost Board', 'Lost board', 13, 0, 1, 0, 'N', 'N', 1, '2020-01-24 08:43:48', '119.160.103.136'),
(15, 'LostPost', 'Lost post', 8.5, 8.5, 1, 0, 'N', 'N', 1, '2020-01-24 08:43:34', '119.160.103.136');

-- --------------------------------------------------------

--
-- Table structure for table `migrations`
--

CREATE TABLE `migrations` (
  `version` bigint(20) NOT NULL
) ENGINE=InnoDB DEFAULT CHARSET=utf8;

--
-- Dumping data for table `migrations`
--

INSERT INTO `migrations` (`version`) VALUES
(7);

-- --------------------------------------------------------

--
-- Table structure for table `subjobs`
--

CREATE TABLE `subjobs` (
  `id` int(11) UNSIGNED NOT NULL,
  `invoice_no` varchar(100) DEFAULT NULL,
  `jobid` int(11) DEFAULT NULL,
  `job_type` int(11) DEFAULT NULL,
  `client_id` int(11) DEFAULT NULL,
  `fitter_id` int(11) DEFAULT NULL,
  `print_name` varchar(150) DEFAULT NULL,
  `position` varchar(150) DEFAULT NULL,
  `price` float DEFAULT NULL,
  `qty` int(11) DEFAULT NULL,
  `expense` float DEFAULT NULL,
  `discount` float DEFAULT NULL,
  `total` float DEFAULT NULL,
  `job_date` date DEFAULT NULL,
  `enter_date` datetime DEFAULT NULL,
  `access` varchar(100) DEFAULT NULL,
  `keys_text` varchar(100) DEFAULT NULL,
  `problems` varchar(100) DEFAULT NULL,
  `appointment` varchar(100) DEFAULT NULL,
  `board` varchar(100) DEFAULT NULL,
  `client_contact` varchar(150) DEFAULT NULL,
  `job_status` int(1) DEFAULT NULL,
  `date_done` date DEFAULT NULL,
  `contact_type` varchar(50) DEFAULT NULL,
  `charge` varchar(50) DEFAULT NULL,
  `pay` varchar(50) DEFAULT NULL,
  `job_cancelled` int(1) DEFAULT NULL,
  `comments` text,
  `date_to_be_done` datetime DEFAULT NULL,
  `poref` varchar(100) DEFAULT NULL,
  `espc` varchar(100) DEFAULT NULL,
  `lost_property` varchar(100) DEFAULT NULL,
  `lost_type` varchar(100) DEFAULT NULL,
  `overplate` varchar(100) DEFAULT NULL,
  `questionmark` varchar(100) DEFAULT NULL,
  `internal_comments` text,
  `added_by` int(11) DEFAULT NULL,
  `added_time` datetime DEFAULT NULL,
  `added_ip` varchar(100) DEFAULT NULL,
  `is_return` int(11) DEFAULT NULL,
  `sort` int(11) DEFAULT NULL
) ENGINE=InnoDB DEFAULT CHARSET=utf8;

--
-- Dumping data for table `subjobs`
--

INSERT INTO `subjobs` (`id`, `invoice_no`, `jobid`, `job_type`, `client_id`, `fitter_id`, `print_name`, `position`, `price`, `qty`, `expense`, `discount`, `total`, `job_date`, `enter_date`, `access`, `keys_text`, `problems`, `appointment`, `board`, `client_contact`, `job_status`, `date_done`, `contact_type`, `charge`, `pay`, `job_cancelled`, `comments`, `date_to_be_done`, `poref`, `espc`, `lost_property`, `lost_type`, `overplate`, `questionmark`, `internal_comments`, `added_by`, `added_time`, `added_ip`, `is_return`, `sort`) VALUES
(1, '00001', 1, 8, 6, 199, '', '', 5, 2, 3, 50, 10.5, '2020-01-08', '2020-01-09 00:00:00', '3', '', NULL, '', '', '', 1, '2020-01-23', 'email', 'true', 'true', NULL, '', '2020-01-09 00:00:00', '', 'true', 'true', NULL, 'blank', '?', '', 1, '2020-01-09 08:07:09', '37.111.135.0', NULL, 1),
(2, '00001', 1, 7, 6, 193, '', '', 2, 1, 0, 50, 2, '2020-01-10', '2020-01-10 00:00:00', '0', '', NULL, '', '', '', 1, '2020-01-23', 'phone', 'true', 'true', NULL, '', '2020-01-10 00:00:00', '', 'true', 'false', NULL, 'blank', '', '', 1, '2020-01-10 16:02:42', '88.98.194.178', NULL, 2),
(3, NULL, 2, 1, 188, 192, '', '', 19.1, 1, 4, 50, 23.1, '2020-01-14', '2020-01-14 00:00:00', '4', '', NULL, '', '', '', 0, NULL, 'email', NULL, NULL, NULL, '', '2020-01-14 00:00:00', '', 'true', 'false', NULL, NULL, '', '', 188, '2020-01-14 12:42:57', '88.98.194.178', NULL, 1),
(4, NULL, 3, 3, 20, 192, '', '', 5, 1, 0, 50, 5, '2020-01-15', '2020-01-15 00:00:00', '', '', NULL, '', '', '', 0, NULL, 'phone', 'true', 'true', NULL, '', '2020-01-15 00:00:00', '', 'true', 'true', NULL, 'blank', '', 'CLIENT HAD BINNED BOARD & POLE', 1, '2020-01-15 13:13:54', '94.173.241.70', NULL, 1),
(5, NULL, 4, 8, 10, 194, '', '', 5, 1, 0, 50, 5, '2020-01-15', '2020-01-15 00:00:00', '', '', NULL, '', '', '', 0, NULL, 'email', 'true', 'true', NULL, '', '2020-01-15 00:00:00', '', 'true', 'true', 'both', 'blank', '', '', 1, '2020-01-15 13:51:18', '94.173.241.70', NULL, 1),
(6, NULL, 5, 10, 181, 196, '', '', 4.5, 1, 0, 50, 4.5, '2020-01-17', '2020-01-15 00:00:00', 'FRONT RAILS', '', NULL, '', '', '', 0, NULL, 'email', 'true', 'true', NULL, '', '2020-01-16 00:00:00', '', NULL, 'false', NULL, 'blank', '', '', 1, '2020-01-15 16:25:02', '94.173.241.70', NULL, 1),
(7, '00002', 6, 1, 18, 193, '', '', 19.1, 1, 0, 50, 19.1, '2020-01-15', '2020-01-15 00:00:00', 'GARDEN', '', NULL, '', '', '', 1, '2020-01-23', 'email', 'true', 'true', NULL, '', '2020-01-15 00:00:00', '', 'true', 'false', NULL, 'blank', '', '', 1, '2020-01-15 16:55:50', '94.173.241.70', NULL, 1),
(8, NULL, 7, 1, 181, 193, '', '', 14.5, 1, 0, 50, 14.5, '2020-01-15', '2020-01-15 00:00:00', 'BOTTOM GDN NEXT TO FENCE', '', NULL, '', '', '', 0, NULL, 'email', 'true', 'true', NULL, '', '2020-01-15 00:00:00', '', 'true', 'false', NULL, 'blank', '', '', 1, '2020-01-15 16:59:24', '94.173.241.70', NULL, 1),
(10, '00003', 9, 10, 9, 196, '', '', 5.5, 1, 0, 50, 5.5, '2020-01-15', '2020-01-15 00:00:00', 'MAIN ENTRANCE', '', NULL, '', '', '', 1, '2020-01-23', 'email', 'true', 'true', NULL, '', '2020-01-15 00:00:00', '', 'true', 'false', NULL, 'blank', '', '', 1, '2020-01-15 17:01:46', '94.173.241.70', NULL, 1),
(12, '00004', 10, 3, 32, 194, '', '', 11.5, 1, 0, 50, 11.5, '2020-01-16', '2020-01-16 00:00:00', 'door', '', NULL, '', 'NO BOARD', '', 1, '2020-01-23', 'email', 'true', 'true', NULL, '', '2020-01-16 00:00:00', '', 'true', 'true', 'both', 'blank', '', '', 1, '2020-01-16 14:55:05', '94.173.241.70', NULL, 2),
(14, '00002', 11, 10, 18, 205, '', '', 4.5, 1, 0, 50, 4.5, '2020-01-17', '2020-01-16 00:00:00', 'GDN', '', NULL, '', '', '', 1, '2020-01-23', 'email', 'true', 'true', NULL, '', '2020-01-17 00:00:00', '', 'true', 'true', NULL, 'blank', '', '', 1, '2020-01-16 14:58:21', '94.173.241.70', NULL, 2),
(15, '00005', 12, 3, 14, 196, '', '', 5, 1, 0, 50, 5, '2020-01-17', '2020-01-17 00:00:00', 'GDN', '', NULL, '', '', '', 1, '2020-01-29', 'email', 'true', 'true', NULL, '', '2020-01-17 00:00:00', '', 'true', 'false', NULL, 'blank', '', '', 1, '2020-01-17 16:06:47', '94.173.241.70', NULL, 1),
(16, '00002', 13, 5, 18, 196, '', '', 7, 1, 0, 50, 7, '2020-01-23', '2020-01-23 00:00:00', 'GARDEN', '', NULL, '', '', '', 1, '2020-01-29', 'email', 'true', 'true', NULL, '', '2020-01-23 00:00:00', '', NULL, 'true', 'both', 'blank', '', '', 1, '2020-01-23 15:22:19', '94.173.241.70', NULL, 1),
(17, NULL, 14, 1, 18, 194, '', '', 19.1, 1, 0, 50, 19.1, '2020-01-23', '2020-01-23 00:00:00', 'GDN', '', NULL, '', '', '', 0, NULL, 'email', 'true', 'true', NULL, '', '2020-01-27 00:00:00', '', 'true', 'false', NULL, 'blank', '', '', 1, '2020-01-23 15:30:22', '94.173.241.70', NULL, 1),
(18, NULL, 15, 1, 128, 192, '', '', 19.1, 11, 0, 0, 19.1, '2020-01-24', '2020-01-24 00:00:00', 'Front', 'Yes', NULL, '', '', '', 0, NULL, 'email', 'true', 'true', NULL, '', '2020-01-31 00:00:00', '4537', NULL, 'false', NULL, 'blank', '', '', 1, '2020-01-24 19:22:33', '10.178.2.187', NULL, 1),
(19, '00006', 16, 1, 128, 192, '', '', 19.1, 1, 0, 0, 19.1, '2020-01-26', '2020-01-26 00:00:00', 'Any', 'Yes', NULL, 'xyz', '', 'Contact in MOV8 for Reference goes here...e.g. Linda', 1, '2020-01-26', 'email', 'true', 'true', NULL, 'Any comments here will be read by the customer too!', '2020-01-26 00:00:00', '45677', NULL, 'false', NULL, 'blank', '', 'This part is only visit for Admin and not the Client!', 1, '2020-01-26 19:41:42', '88.98.194.178', NULL, 1),
(20, NULL, 16, 11, 128, 192, 'FOR SALE SALE!', '', 8, 1, 0, 0, 8, '2020-01-26', '2020-01-26 00:00:00', '', '', NULL, '', '', '', 0, NULL, 'email', 'true', 'true', NULL, '', '2020-01-28 00:00:00', '', NULL, 'false', NULL, 'blank', '', '', 1, '2020-01-26 19:42:38', '88.98.194.178', NULL, 2),
(21, NULL, 16, 11, 128, 202, 'xyz', '', 8, 1, 0, 0, 8, '2020-01-27', '2020-01-27 00:00:00', '', '', NULL, '', '', '', 0, NULL, 'email', 'true', 'true', NULL, '', '2020-01-27 00:00:00', '', 'true', 'false', NULL, 'blank', '', '', 1, '2020-01-26 20:55:15', '119.160.103.193', NULL, 3),
(22, NULL, 17, 3, 128, 192, '', '', 5, 1, 0, 50, 5, '2020-01-29', '2020-01-29 00:00:00', '', '', NULL, '', '', '', 0, NULL, 'email', 'true', 'true', NULL, '', '2020-01-30 00:00:00', '', NULL, 'false', NULL, 'blank', '', '', 1, '2020-01-29 15:24:43', '94.173.241.70', NULL, 1),
(23, NULL, 12, 2, 14, 192, '', '', 8, 1, 0, 50, 8, '2020-01-29', '2020-01-29 00:00:00', '', '', NULL, '', '', '', 0, NULL, 'email', 'true', 'true', NULL, '', '2020-01-29 00:00:00', '', 'true', 'false', NULL, 'blank', '', '', 1, '2020-01-29 16:10:27', '94.173.241.70', NULL, 2),
(25, NULL, 19, 1, 10, 192, '', 'BLUE POLE', 19.1, 1, 0, 50, 19.1, '2020-01-29', '2020-01-29 00:00:00', 'GDN', '', NULL, '', '', 'SANDRA', 0, NULL, 'email', 'true', 'true', NULL, '', '2020-02-03 00:00:00', '', 'true', 'false', NULL, 'yes', '', '', 1, '2020-01-29 16:14:46', '94.173.241.70', NULL, 1),
(26, NULL, 20, 3, 132, 196, '', '', 5, 1, 0, 50, 5, '2020-01-29', '2020-01-29 00:00:00', 'DOOR', '', NULL, '', '', '', 0, NULL, 'email', 'true', 'true', NULL, '', '2020-01-29 00:00:00', '', NULL, 'false', NULL, 'blank', '', '', 1, '2020-01-29 16:17:25', '94.173.241.70', NULL, 1),
(27, NULL, 20, 9, 132, 196, '', '', 8, 1, 0, 50, 8, '2020-01-29', '2020-01-29 00:00:00', 'DOOR', '', NULL, '', '', '', 0, NULL, 'email', 'true', 'true', NULL, '', '2020-01-29 00:00:00', '', NULL, 'false', NULL, 'blank', '', '', 1, '2020-01-29 16:17:25', '94.173.241.70', NULL, 2),
(28, NULL, 21, 2, 132, 193, '', '', 8, 1, 0, 50, 8, '2020-01-30', '2020-01-30 00:00:00', '', '', NULL, '', '', '', 0, NULL, 'email', 'true', 'true', NULL, '', '2020-01-31 00:00:00', '', 'true', 'false', NULL, 'blank', '', '', 1, '2020-01-30 09:11:27', '94.173.241.70', NULL, 1),
(29, NULL, 22, 1, 18, NULL, '', '', 19.1, 1, 0, 50, 19.1, '2020-01-30', '2020-01-30 00:00:00', 'FRONT GARDEN', '', NULL, '', '', NULL, NULL, NULL, NULL, NULL, NULL, NULL, 'THE GARDEN IS ALL CHIPPED SO ATTACH BD TO FENCE', '2020-01-30 13:56:45', '', NULL, 'false', NULL, NULL, NULL, NULL, 1, '2020-01-30 13:48:16', '94.173.241.70', NULL, 1),
(30, NULL, 23, 1, 209, 193, '', '', 19.1, 1, 0, 50, 19.1, '2020-01-30', '2020-01-30 00:00:00', 'GARDEN', '', NULL, '', '', '', 0, NULL, 'email', 'true', 'true', NULL, '', '2020-01-31 00:00:00', '', NULL, 'false', NULL, 'blank', '', '', 1, '2020-01-30 15:04:51', '94.173.241.70', NULL, 1),
(32, NULL, 25, 1, 45, 196, '', 'WINDOW', 19.1, 1, 0, 50, 19.1, '2020-01-30', '2020-01-30 00:00:00', 'garden', '', NULL, '', '', '', 0, NULL, 'email', 'true', 'true', NULL, '', '2020-01-31 00:00:00', '', NULL, 'false', NULL, 'blank', '', '', 1, '2020-01-31 00:26:21', '77.103.38.77', NULL, 1),
(33, NULL, 26, 3, 209, 193, '', '', 5, 1, 0, 50, 5, '2020-02-05', '2020-02-05 00:00:00', '', '', NULL, '', '', '', 0, NULL, 'email', 'true', 'true', NULL, '', '2020-02-05 00:00:00', '', 'true', 'true', 'both', 'blank', '', '', 1, '2020-02-05 14:54:47', '94.173.241.70', NULL, 1),
(34, NULL, 27, 10, 3, 192, '', '', 4.5, 1, 0, 50, 4.5, '2020-02-05', '2020-02-05 00:00:00', '', '', NULL, '', '', '', 0, NULL, 'email', 'true', 'true', NULL, '', '2020-02-05 00:00:00', '', 'true', 'false', NULL, 'blank', '', '', 1, '2020-02-05 15:39:57', '94.173.241.70', NULL, 1),
(35, NULL, 28, 1, 3, 192, '', 'GREY POLE', 19.1, 1, 0, 50, 19.1, '2020-02-06', '2020-02-05 00:00:00', 'NO ACCESS', '', NULL, '', '', '', 0, NULL, 'email', 'true', 'true', NULL, '', '2020-02-06 00:00:00', '', 'true', 'false', NULL, 'blank', '', '', 1, '2020-02-05 16:12:11', '94.173.241.70', NULL, 1),
(36, '00010', 29, 1, 21, 192, '', 'FRONT GARDEN', 19.1, 1, 0, 50, 19.1, '2020-02-14', '2020-02-14 00:00:00', '', '', NULL, 'BETWEEN 1-4.00PM', '', '', 1, '2020-02-24', 'email', 'true', 'true', NULL, 'TELE CLIENT 30 MINS AHEAD ON MOBILE', '2020-02-17 00:00:00', '', 'true', 'false', NULL, 'yes', '', '', 1, '2020-02-14 14:32:53', '94.173.241.70', NULL, 1),
(37, NULL, 30, 4, 12, 192, '', '', 8.5, 1, 0, 50, 8.5, '2020-02-24', '2020-02-24 00:00:00', '', '', NULL, '', '', '', 0, NULL, 'email', 'true', 'true', NULL, '', '2020-02-24 00:00:00', '', 'true', 'false', NULL, 'blank', '', '', 1, '2020-02-24 15:41:41', '94.173.241.70', NULL, 1),
(38, '00011', 31, 1, 80, 199, '', 'GARDEN', 19.1, 1, 0, 50, 19.1, '2020-02-24', '2020-02-24 00:00:00', '', '', NULL, '', '', '', 1, '2020-02-24', 'email', 'true', 'true', NULL, 'GREY POLE', '2020-02-26 00:00:00', '', 'true', 'false', NULL, 'blank', '', '', 1, '2020-02-24 15:43:10', '94.173.241.70', NULL, 1),
(39, NULL, 32, 3, 210, 196, '', '', 0, 1, 0, 50, 0, '2020-02-24', '2020-02-24 00:00:00', 'DOOR', '', NULL, '', '', '', 0, NULL, 'email', 'true', 'true', NULL, '', '2020-02-25 00:00:00', '', NULL, 'false', NULL, 'blank', '', '', 1, '2020-02-24 15:55:00', '94.173.241.70', NULL, 1),
(41, NULL, 31, 1, 80, 199, '', 'GARDEN GREY POLE', 19.1, 1, 0, 50, 19.1, '2020-02-24', '2020-02-24 00:00:00', '', '', NULL, '', '', '', 0, NULL, 'email', 'true', 'true', NULL, '', '2020-02-24 00:00:00', '', 'true', 'false', NULL, 'blank', '', '', 1, '2020-02-24 16:08:12', '94.173.241.70', NULL, 2),
(43, '00012', 33, 3, 210, 196, '', '', 0, 1, 0, 50, 0, '2020-02-25', '2020-02-25 00:00:00', 'DOOR/RAILINGS', '', NULL, '', '', '', 1, '2020-02-27', 'email', 'true', 'true', NULL, '', '2020-02-26 00:00:00', '', NULL, 'false', NULL, 'blank', '', '', 1, '2020-02-25 15:13:35', '94.173.241.70', NULL, 1),
(44, '00013', 34, 1, 131, 196, '', 'COMMON ENTRANCE GROUND VIS PASSING TRAFFIC', 19.1, 1, 0, 50, 19.1, '2020-02-25', '2020-02-25 00:00:00', 'No. 31/2', '', NULL, '', '', '', 1, '2020-02-27', 'email', 'true', 'true', NULL, '', '2020-02-26 00:00:00', '', 'true', 'false', NULL, 'blank', '', '', 1, '2020-02-25 15:24:26', '94.173.241.70', NULL, 1),
(45, '00014', 35, 2, 67, 196, '', '', 15.5, 1, 0, 50, 15.5, '2020-02-25', '2020-02-25 00:00:00', 'DOOR/RAILINGS', '', NULL, '', '', '', 1, '2020-02-27', 'email', 'true', 'true', NULL, '', '2020-02-26 00:00:00', '', NULL, 'false', NULL, 'blank', '', '', 1, '2020-02-25 15:28:06', '94.173.241.70', NULL, 1),
(46, '00015', 36, 9, 165, 196, '', '', 5.5, 1, 0, 50, 5.5, '2020-02-25', '2020-02-25 00:00:00', 'SOLD SUB', '', NULL, '', '', '', 1, '2020-02-27', 'email', 'true', 'true', NULL, '', '2020-02-26 00:00:00', '', NULL, 'false', NULL, 'blank', '', '', 1, '2020-02-25 15:37:25', '94.173.241.70', NULL, 1),
(48, '00009', 38, 1, 211, 196, '', 'FRONT GARDEN', 15.5, 1, 0, 50, 15.5, '2020-02-25', '2020-02-25 00:00:00', '', '', NULL, '', '', '', 1, '2020-02-27', 'email', 'true', 'true', NULL, '', '2020-02-26 00:00:00', '', NULL, 'false', NULL, 'blank', '', '', 1, '2020-02-25 15:48:37', '94.173.241.70', NULL, 1),
(49, '00008', 39, 2, 212, 196, '', '', 15.5, 1, 0, 50, 15.5, '2020-02-25', '2020-02-25 00:00:00', 'DOOR/RAILINGS', '', NULL, '', '', '', 1, '2020-02-27', 'email', 'true', 'true', NULL, '', '2020-02-26 00:00:00', '', NULL, 'false', NULL, 'blank', '', '', 1, '2020-02-25 15:57:15', '94.173.241.70', NULL, 1),
(50, '00007', 40, 1, 164, 196, '', 'DOOR/RAILING', 19.1, 1, 0, 50, 19.1, '2020-02-25', '2020-02-25 00:00:00', '', '', NULL, '', '', '', 1, '2020-02-27', 'email', 'true', 'true', NULL, '', '2020-02-25 16:01:02', '', NULL, 'false', NULL, 'blank', '', '', 1, '2020-02-25 16:01:02', '94.173.241.70', NULL, 1),
(51, '00008', 41, 2, 212, 196, '', '', 15.5, 1, 0, 50, 15.5, '2020-02-25', '2020-02-25 00:00:00', '', '', NULL, '', '', '', 1, '2020-02-27', 'email', 'true', 'true', NULL, '', '2020-02-26 00:00:00', '', NULL, 'false', NULL, 'blank', '', '', 1, '2020-02-25 16:03:26', '94.173.241.70', NULL, 1),
(52, NULL, 42, 2, 139, 194, '', '', 15.5, 1, 0, 50, 15.5, '2020-02-27', '2020-02-27 00:00:00', 'DOOR/ENTRANCE', '', NULL, '', '', '', 0, NULL, 'email', 'true', 'true', NULL, '', '2020-02-28 00:00:00', '', NULL, 'false', NULL, 'blank', '', '', 1, '2020-02-27 14:26:44', '94.173.241.70', NULL, 1),
(53, NULL, 43, 1, 131, 194, '', 'DOOR', 20.6, 1, 0, 50, 20.6, '2020-02-27', '2020-02-27 00:00:00', '32/1', '', NULL, '', '', '', 0, NULL, 'email', 'true', 'true', NULL, '', '2020-02-28 00:00:00', '', 'true', 'false', NULL, 'blank', '', '', 1, '2020-02-27 14:32:10', '94.173.241.70', NULL, 1),
(54, NULL, 44, 5, 181, 194, '', '', 8.5, 1, 0, 50, 8.5, '2020-02-27', '2020-02-27 00:00:00', 'SALE HAS FALLEN THROUGH SO REM ANY SOLDS', '', NULL, '', '', '', 0, NULL, 'email', 'true', 'true', NULL, '', '2020-02-28 00:00:00', '', 'true', 'false', NULL, 'blank', '', '', 1, '2020-02-27 14:35:23', '94.173.241.70', NULL, 1),
(55, NULL, 45, 1, 131, 194, '', 'RHS WHEN FACING BLOCK BESIDE BIG TREE', 20.6, 1, 0, 50, 20.6, '2020-02-27', '2020-02-27 00:00:00', '7/4', '', NULL, '', '', '', 0, NULL, 'email', 'true', 'true', NULL, '', '2020-02-28 00:00:00', '', 'true', 'false', NULL, 'blank', '', '', 1, '2020-02-27 14:37:22', '94.173.241.70', NULL, 1),
(56, NULL, 46, 10, 59, 194, '', '', 5.5, 1, 0, 50, 5.5, '2020-02-27', '2020-02-27 00:00:00', 'UNDER OFFER', '', NULL, '', '', '', 0, NULL, 'email', 'true', 'true', NULL, '', '2020-02-28 00:00:00', '', NULL, 'false', NULL, 'blank', '', '', 1, '2020-02-27 14:39:43', '94.173.241.70', NULL, 1),
(57, NULL, 47, 1, 181, 194, '', 'STAIR DOOR', 19.1, 1, 0, 50, 19.1, '2020-02-27', '2020-02-27 00:00:00', '83/7', '', NULL, '', '', '', 0, NULL, 'email', 'true', 'true', NULL, '', '2020-02-28 00:00:00', '', NULL, 'false', NULL, 'blank', '', '', 1, '2020-02-27 14:43:29', '94.173.241.70', NULL, 1),
(58, NULL, 48, 1, 128, 194, '', 'GARDEN', 19.1, 1, 0, 50, 19.1, '2020-02-27', '2020-02-27 00:00:00', '', '', NULL, '', '', '', 0, NULL, 'email', 'true', 'true', NULL, '', '2020-02-28 00:00:00', '', NULL, 'false', NULL, 'blank', '', '', 1, '2020-02-27 14:44:53', '94.173.241.70', NULL, 1),
(59, NULL, 49, 5, 82, 194, '', '', 8, 1, 0, 50, 8, '2020-02-27', '2020-02-27 00:00:00', 'GDN', '', NULL, '', '', '', 0, NULL, 'email', 'true', 'true', NULL, '', '2020-02-28 00:00:00', '', NULL, 'false', NULL, 'blank', '', '', 1, '2020-02-27 15:33:12', '94.173.241.70', NULL, 1),
(60, NULL, 50, 1, 213, 194, '', 'NEXT TO DRIVEWAY RAILINGS', 19.1, 1, 0, 50, 19.1, '2020-02-27', '2020-02-27 00:00:00', '', '', NULL, '', '', '', 0, NULL, 'email', 'true', 'true', NULL, '', '2020-02-28 00:00:00', '', NULL, 'false', NULL, 'blank', '', '', 1, '2020-02-27 15:35:31', '94.173.241.70', NULL, 1),
(61, NULL, 51, 11, 70, 194, 'UNDER OFFER', '', 8, 1, 0, 50, 8, '2020-02-27', '2020-02-27 00:00:00', 'GDN', '', NULL, '', '', '', 0, NULL, 'email', 'true', 'true', NULL, '', '2020-02-28 00:00:00', '', NULL, 'false', NULL, 'blank', '', '', 1, '2020-02-27 15:47:47', '94.173.241.70', NULL, 1),
(62, NULL, 52, 10, 181, 194, '', '', 5, 1, 0, 50, 5, '2020-03-09', NULL, '', '', NULL, '', '', '', 0, NULL, 'email', 'true', 'true', NULL, '', '2020-03-09 00:00:00', '', 'true', 'false', NULL, 'blank', '', '', 1, '2020-03-09 15:16:41', '94.173.241.70', NULL, 1),
(63, '00017', 53, 1, 214, 194, '', 'garden', 19.1, 1, 0, 50, 19.1, '2020-03-09', NULL, '', '', NULL, '', '', '', 1, '2020-03-09', 'email', NULL, NULL, NULL, 'please put bd in left hand side gdn', '2020-03-09 00:00:00', '', 'true', 'false', NULL, NULL, '', '', 214, '2020-03-09 15:25:21', '94.173.241.70', NULL, 1),
(64, '00016', 54, 2, 44, 194, '', '', 15.5, 1, 0, 50, 15.5, '2020-03-09', NULL, '', '', NULL, '', '', '', 1, '2020-03-09', 'email', 'true', 'true', NULL, '', '2020-03-09 00:00:00', '', NULL, 'false', NULL, 'blank', '', '', 1, '2020-03-09 15:42:32', '94.173.241.70', NULL, 1),
(66, '00016', 55, 2, 44, 194, '', '', 15.5, 1, 0, 50, 15.5, '2020-03-02', NULL, 'GDN', '', NULL, '', '', '', 1, '2020-03-09', 'email', 'true', 'true', NULL, '', '2020-03-03 00:00:00', '', NULL, 'false', NULL, 'blank', '', '', 1, '2020-03-09 15:43:46', '94.173.241.70', NULL, 1),
(67, '00016', 56, 3, 44, 196, '', '', 0, 1, 0, 50, 0, '2020-03-03', NULL, 'ENTRANCE', '', NULL, '', '', '', 1, '2020-03-09', 'email', 'true', 'true', NULL, '', '2020-03-04 00:00:00', '', NULL, 'false', NULL, 'blank', '', '', 1, '2020-03-09 15:45:48', '94.173.241.70', NULL, 1),
(68, '00016', 57, 2, 44, 196, '', '', 15.5, 1, 0, 50, 15.5, '2020-03-05', NULL, 'DOOR', '', NULL, '', '', '', 1, '2020-03-09', 'email', 'true', 'true', NULL, '', '2020-03-06 00:00:00', '', NULL, 'false', NULL, 'blank', '', '', 1, '2020-03-09 15:47:42', '94.173.241.70', NULL, 1),
(69, '00016', 58, 2, 44, 196, '', '', 15.5, 1, 0, 50, 15.5, '2020-03-05', NULL, '', '', NULL, '', '', '', 1, '2020-03-09', 'email', 'true', 'true', NULL, '', '2020-03-06 00:00:00', '', NULL, 'false', NULL, 'blank', '', '', 1, '2020-03-09 15:49:28', '94.173.241.70', NULL, 1),
(70, '00016', 59, 2, 44, 194, '', '', 15.5, 1, 0, 50, 15.5, '2020-03-09', NULL, 'GDN', '', NULL, '', '', '', 1, '2020-03-09', 'email', 'true', 'true', NULL, '', '2020-03-09 00:00:00', '', NULL, 'false', NULL, 'blank', '', '', 1, '2020-03-09 15:50:29', '94.173.241.70', NULL, 1),
(71, '00016', 60, 3, 44, 196, '', '', 0, 1, 0, 50, 0, '2020-03-05', NULL, 'GDN', '', NULL, '', '', '', 1, '2020-03-09', 'email', 'true', 'true', NULL, '', '2020-03-06 00:00:00', '', NULL, 'false', NULL, 'blank', '', '', 1, '2020-03-09 15:51:32', '94.173.241.70', NULL, 1),
(72, '00016', 61, 3, 44, 194, '', '', 0, 1, 0, 50, 0, '2020-03-05', NULL, 'DOOR/ENTRANCE', '', NULL, '', '', '', 1, '2020-03-09', 'email', 'true', 'true', NULL, '', '2020-03-09 00:00:00', '', NULL, 'false', NULL, 'blank', '', '\r\n', 1, '2020-03-09 15:52:46', '94.173.241.70', NULL, 1),
(73, '00016', 62, 3, 44, 196, '', '', 0, 1, 0, 50, 0, '2020-03-09', NULL, 'GDN', '', NULL, '', '', '', 1, '2020-03-10', 'email', 'true', 'true', NULL, '', '2020-03-10 00:00:00', '', NULL, 'false', NULL, 'blank', '', '', 1, '2020-03-09 15:55:42', '94.173.241.70', NULL, 1),
(74, '00016', 63, 2, 44, 194, '', '', 15.5, 1, 0, 50, 15.5, '2020-03-09', NULL, 'DOOR/ENTRANCE', '', NULL, '', '', '', 1, '2020-03-10', 'email', 'true', 'true', NULL, '', '2020-03-10 00:00:00', '', NULL, 'false', NULL, 'blank', '', '', 1, '2020-03-09 15:56:49', '94.173.241.70', NULL, 1),
(75, '00016', 64, 3, 44, 194, '', '', 0, 1, 0, 50, 0, '2020-03-09', NULL, 'GDN', '', NULL, '', '', '', 1, '2020-03-10', 'email', 'true', 'true', NULL, '', '2020-03-10 00:00:00', '', NULL, 'false', NULL, 'blank', '', '', 1, '2020-03-09 15:58:29', '94.173.241.70', NULL, 1),
(76, NULL, 65, 2, 44, 194, '', '', 15.5, 1, 0, 50, 15.5, '2020-03-10', NULL, 'DOOR', '', NULL, '', '', '', 0, NULL, 'email', 'true', 'true', NULL, '', '2020-03-10 16:45:20', '', NULL, 'false', NULL, 'blank', '', '', 1, '2020-03-10 16:45:20', '94.173.241.70', NULL, 1),
(77, '00016', 66, 3, 44, 194, '', '', 0, 1, 0, 50, 0, '2020-03-10', NULL, 'DOOR', '', NULL, '', '', '', 1, '2020-03-16', 'email', 'true', 'true', NULL, '', '2020-03-10 16:46:27', '', NULL, 'false', NULL, 'blank', '', '', 1, '2020-03-10 16:46:27', '94.173.241.70', NULL, 1),
(78, '00018', 67, 1, 215, 192, '', '', 19.1, 1, 0, 50, 19.1, '2020-03-17', NULL, '', '', NULL, '', '', '', 1, '2020-03-17', 'email', 'true', 'true', NULL, '', '2020-03-17 00:00:00', '', 'true', 'false', NULL, 'blank', '', '', 1, '2020-03-17 11:47:36', '88.98.194.178', NULL, 1);

--
-- Indexes for dumped tables
--

--
-- Indexes for table `admins`
--
ALTER TABLE `admins`
  ADD PRIMARY KEY (`id`);

--
-- Indexes for table `fitterprice`
--
ALTER TABLE `fitterprice`
  ADD PRIMARY KEY (`id`);

--
-- Indexes for table `invoice`
--
ALTER TABLE `invoice`
  ADD PRIMARY KEY (`id`);

--
-- Indexes for table `jobs`
--
ALTER TABLE `jobs`
  ADD PRIMARY KEY (`id`);

--
-- Indexes for table `jobsattr`
--
ALTER TABLE `jobsattr`
  ADD PRIMARY KEY (`id`);

--
-- Indexes for table `jobtype`
--
ALTER TABLE `jobtype`
  ADD PRIMARY KEY (`id`);

--
-- Indexes for table `subjobs`
--
ALTER TABLE `subjobs`
  ADD PRIMARY KEY (`id`);

--
-- AUTO_INCREMENT for dumped tables
--

--
-- AUTO_INCREMENT for table `admins`
--
ALTER TABLE `admins`
  MODIFY `id` int(11) UNSIGNED NOT NULL AUTO_INCREMENT, AUTO_INCREMENT=216;

--
-- AUTO_INCREMENT for table `fitterprice`
--
ALTER TABLE `fitterprice`
  MODIFY `id` int(11) UNSIGNED NOT NULL AUTO_INCREMENT, AUTO_INCREMENT=1166;

--
-- AUTO_INCREMENT for table `invoice`
--
ALTER TABLE `invoice`
  MODIFY `id` int(11) UNSIGNED NOT NULL AUTO_INCREMENT, AUTO_INCREMENT=7;

--
-- AUTO_INCREMENT for table `jobs`
--
ALTER TABLE `jobs`
  MODIFY `id` int(11) UNSIGNED NOT NULL AUTO_INCREMENT, AUTO_INCREMENT=68;

--
-- AUTO_INCREMENT for table `jobsattr`
--
ALTER TABLE `jobsattr`
  MODIFY `id` int(11) UNSIGNED NOT NULL AUTO_INCREMENT;

--
-- AUTO_INCREMENT for table `jobtype`
--
ALTER TABLE `jobtype`
  MODIFY `id` int(11) UNSIGNED NOT NULL AUTO_INCREMENT, AUTO_INCREMENT=16;

--
-- AUTO_INCREMENT for table `subjobs`
--
ALTER TABLE `subjobs`
  MODIFY `id` int(11) UNSIGNED NOT NULL AUTO_INCREMENT, AUTO_INCREMENT=79;
COMMIT;

/*!40101 SET CHARACTER_SET_CLIENT=@OLD_CHARACTER_SET_CLIENT */;
/*!40101 SET CHARACTER_SET_RESULTS=@OLD_CHARACTER_SET_RESULTS */;
/*!40101 SET COLLATION_CONNECTION=@OLD_COLLATION_CONNECTION */;
